symbol,occurrences,distinct_components,host_present,components,files
activity_logs,2,1,no,09_PROPERTY_JOBS_AND_DISPATCH/CleaningJobs,donor:09_PROPERTY_JOBS_AND_DISPATCH/Modules_for_Titan_BOS/CleaningJobs/CleaningJobs/Database/Migrations/2019_10_18_114133_create_activity_logs_table.php | donor:09_PROPERTY_JOBS_AND_DISPATCH/Modules_for_Titan_BOS/CleaningJobs/CleaningJobs/Database/migrations/2019_10_18_114133_create_activity_logs_table.php
attendance_breaks,2,1,no,06_WORKFORCE_AND_ONBOARDING/HRCore,donor:06_WORKFORCE_AND_ONBOARDING/Modules_for_Titan_BOS/HRCore/HRCore/Database/Migrations/2024_11_30_143343_create_attendance_breaks.php | donor:06_WORKFORCE_AND_ONBOARDING/Modules_for_Titan_BOS/HRCore/HRCore/database/migrations/2024_11_30_143343_create_attendance_breaks.php
attendance_logs,2,1,no,06_WORKFORCE_AND_ONBOARDING/HRCore,donor:06_WORKFORCE_AND_ONBOARDING/Modules_for_Titan_BOS/HRCore/HRCore/Database/Migrations/2024_12_16_014055_create_attendance_logs.php | donor:06_WORKFORCE_AND_ONBOARDING/Modules_for_Titan_BOS/HRCore/HRCore/database/migrations/2024_12_16_014055_create_attendance_logs.php
attendance_regularizations,2,1,no,06_WORKFORCE_AND_ONBOARDING/HRCore,donor:06_WORKFORCE_AND_ONBOARDING/Modules_for_Titan_BOS/HRCore/HRCore/Database/Migrations/2024_11_30_142045_create_attendance_regularizations_table.php | donor:06_WORKFORCE_AND_ONBOARDING/Modules_for_Titan_BOS/HRCore/HRCore/database/migrations/2024_11_30_142045_create_attendance_regularizations_table.php
attendances,2,1,no,06_WORKFORCE_AND_ONBOARDING/HRCore,donor:06_WORKFORCE_AND_ONBOARDING/Modules_for_Titan_BOS/HRCore/HRCore/Database/Migrations/2024_11_30_142043_create_attendances.php | donor:06_WORKFORCE_AND_ONBOARDING/Modules_for_Titan_BOS/HRCore/HRCore/database/migrations/2024_11_30_142043_create_attendances.php
bank_accounts,2,1,no,06_WORKFORCE_AND_ONBOARDING/HRCore,donor:06_WORKFORCE_AND_ONBOARDING/Modules_for_Titan_BOS/HRCore/HRCore/Database/Migrations/2025_01_05_140650_create_bank_accounts.php | donor:06_WORKFORCE_AND_ONBOARDING/Modules_for_Titan_BOS/HRCore/HRCore/database/migrations/2025_01_05_140650_create_bank_accounts.php
bug_comments,2,1,no,09_PROPERTY_JOBS_AND_DISPATCH/CleaningJobs,donor:09_PROPERTY_JOBS_AND_DISPATCH/Modules_for_Titan_BOS/CleaningJobs/CleaningJobs/Database/Migrations/2022_07_18_084714_create_bug_comments_table.php | donor:09_PROPERTY_JOBS_AND_DISPATCH/Modules_for_Titan_BOS/CleaningJobs/CleaningJobs/Database/migrations/2022_07_18_084714_create_bug_comments_table.php
bug_files,2,1,no,09_PROPERTY_JOBS_AND_DISPATCH/CleaningJobs,donor:09_PROPERTY_JOBS_AND_DISPATCH/Modules_for_Titan_BOS/CleaningJobs/CleaningJobs/Database/Migrations/2022_07_18_085513_create_bug_files_table.php | donor:09_PROPERTY_JOBS_AND_DISPATCH/Modules_for_Titan_BOS/CleaningJobs/CleaningJobs/Database/migrations/2022_07_18_085513_create_bug_files_table.php
bug_reports,2,1,no,09_PROPERTY_JOBS_AND_DISPATCH/CleaningJobs,donor:09_PROPERTY_JOBS_AND_DISPATCH/Modules_for_Titan_BOS/CleaningJobs/CleaningJobs/Database/Migrations/2022_07_18_065110_create_bug_reports_table.php | donor:09_PROPERTY_JOBS_AND_DISPATCH/Modules_for_Titan_BOS/CleaningJobs/CleaningJobs/Database/migrations/2022_07_18_065110_create_bug_reports_table.php
bug_stages,2,1,no,09_PROPERTY_JOBS_AND_DISPATCH/CleaningJobs,donor:09_PROPERTY_JOBS_AND_DISPATCH/Modules_for_Titan_BOS/CleaningJobs/CleaningJobs/Database/Migrations/2022_07_14_085216_create_bug_stages_table.php | donor:09_PROPERTY_JOBS_AND_DISPATCH/Modules_for_Titan_BOS/CleaningJobs/CleaningJobs/Database/migrations/2022_07_14_085216_create_bug_stages_table.php
cache,2,2,yes,MagicAI + WorkCore host | Titan Train v0.7.0,donor:01_TITAN_TRAIN_CANONICAL_CORE/Titan_Train_v0.7.0/database/migrations/0001_01_01_000001_create_cache_table.php | host:database/migrations/2023_04_24_115420_create_cache_table.php
cache_locks,2,2,yes,MagicAI + WorkCore host | Titan Train v0.7.0,donor:01_TITAN_TRAIN_CANONICAL_CORE/Titan_Train_v0.7.0/database/migrations/0001_01_01_000001_create_cache_table.php | host:database/migrations/2023_04_24_115420_create_cache_table.php
chatbot,2,2,yes,13_HOST_INTEGRATION_REFERENCES/MagicAI_WorkCore_Selected | MagicAI + WorkCore host,donor:13_HOST_INTEGRATION_REFERENCES/MagicAI_WorkCore_Selected/database/migrations/2024_01_26_110443_add_chatbot_table.php | host:database/migrations/2024_01_26_110443_add_chatbot_table.php
chatbot_data,2,2,yes,13_HOST_INTEGRATION_REFERENCES/MagicAI_WorkCore_Selected | MagicAI + WorkCore host,donor:13_HOST_INTEGRATION_REFERENCES/MagicAI_WorkCore_Selected/database/migrations/2024_02_22_065844_create_chatbot_data_table.php | host:database/migrations/2024_02_22_065844_create_chatbot_data_table.php
chatbot_data_vectors,2,2,yes,13_HOST_INTEGRATION_REFERENCES/MagicAI_WorkCore_Selected | MagicAI + WorkCore host,donor:13_HOST_INTEGRATION_REFERENCES/MagicAI_WorkCore_Selected/database/migrations/2024_02_22_120600_create_chatbot_data_vectors_table.php | host:database/migrations/2024_02_22_120600_create_chatbot_data_vectors_table.php
chatbot_history,2,2,yes,13_HOST_INTEGRATION_REFERENCES/MagicAI_WorkCore_Selected | MagicAI + WorkCore host,donor:13_HOST_INTEGRATION_REFERENCES/MagicAI_WorkCore_Selected/database/migrations/2024_01_30_084904_chatbot_history.php | host:database/migrations/2024_01_30_084904_chatbot_history.php
cleaning_job_activity_logs,2,1,no,09_PROPERTY_JOBS_AND_DISPATCH/CleaningJobs,donor:09_PROPERTY_JOBS_AND_DISPATCH/Modules_for_Titan_BOS/CleaningJobs/CleaningJobs/Database/Migrations/2026_04_28_000130_create_cleaning_job_subtasks_comments_files_logs_table.php | donor:09_PROPERTY_JOBS_AND_DISPATCH/Modules_for_Titan_BOS/CleaningJobs/CleaningJobs/Database/migrations/2026_04_28_000130_create_cleaning_job_subtasks_comments_files_logs_table.php
cleaning_job_comments,2,1,no,09_PROPERTY_JOBS_AND_DISPATCH/CleaningJobs,donor:09_PROPERTY_JOBS_AND_DISPATCH/Modules_for_Titan_BOS/CleaningJobs/CleaningJobs/Database/Migrations/2026_04_28_000130_create_cleaning_job_subtasks_comments_files_logs_table.php | donor:09_PROPERTY_JOBS_AND_DISPATCH/Modules_for_Titan_BOS/CleaningJobs/CleaningJobs/Database/migrations/2026_04_28_000130_create_cleaning_job_subtasks_comments_files_logs_table.php
cleaning_job_files,2,1,no,09_PROPERTY_JOBS_AND_DISPATCH/CleaningJobs,donor:09_PROPERTY_JOBS_AND_DISPATCH/Modules_for_Titan_BOS/CleaningJobs/CleaningJobs/Database/Migrations/2026_04_28_000130_create_cleaning_job_subtasks_comments_files_logs_table.php | donor:09_PROPERTY_JOBS_AND_DISPATCH/Modules_for_Titan_BOS/CleaningJobs/CleaningJobs/Database/migrations/2026_04_28_000130_create_cleaning_job_subtasks_comments_files_logs_table.php
cleaning_job_milestones,2,1,no,09_PROPERTY_JOBS_AND_DISPATCH/CleaningJobs,donor:09_PROPERTY_JOBS_AND_DISPATCH/Modules_for_Titan_BOS/CleaningJobs/CleaningJobs/Database/Migrations/2026_04_28_000110_create_cleaning_job_milestones_table.php | donor:09_PROPERTY_JOBS_AND_DISPATCH/Modules_for_Titan_BOS/CleaningJobs/CleaningJobs/Database/migrations/2026_04_28_000110_create_cleaning_job_milestones_table.php
cleaning_job_resource_allocations,2,1,no,09_PROPERTY_JOBS_AND_DISPATCH/CleaningJobs,donor:09_PROPERTY_JOBS_AND_DISPATCH/Modules_for_Titan_BOS/CleaningJobs/CleaningJobs/Database/Migrations/2026_04_28_000140_create_cleaning_job_timesheets_and_resources_table.php | donor:09_PROPERTY_JOBS_AND_DISPATCH/Modules_for_Titan_BOS/CleaningJobs/CleaningJobs/Database/migrations/2026_04_28_000140_create_cleaning_job_timesheets_and_resources_table.php
cleaning_job_resource_capacities,2,1,no,09_PROPERTY_JOBS_AND_DISPATCH/CleaningJobs,donor:09_PROPERTY_JOBS_AND_DISPATCH/Modules_for_Titan_BOS/CleaningJobs/CleaningJobs/Database/Migrations/2026_04_28_000140_create_cleaning_job_timesheets_and_resources_table.php | donor:09_PROPERTY_JOBS_AND_DISPATCH/Modules_for_Titan_BOS/CleaningJobs/CleaningJobs/Database/migrations/2026_04_28_000140_create_cleaning_job_timesheets_and_resources_table.php
cleaning_job_stages,2,1,no,09_PROPERTY_JOBS_AND_DISPATCH/CleaningJobs,donor:09_PROPERTY_JOBS_AND_DISPATCH/Modules_for_Titan_BOS/CleaningJobs/CleaningJobs/Database/Migrations/2026_04_28_000100_create_cleaning_job_stages_table.php | donor:09_PROPERTY_JOBS_AND_DISPATCH/Modules_for_Titan_BOS/CleaningJobs/CleaningJobs/Database/migrations/2026_04_28_000100_create_cleaning_job_stages_table.php
cleaning_job_subtasks,2,1,no,09_PROPERTY_JOBS_AND_DISPATCH/CleaningJobs,donor:09_PROPERTY_JOBS_AND_DISPATCH/Modules_for_Titan_BOS/CleaningJobs/CleaningJobs/Database/Migrations/2026_04_28_000130_create_cleaning_job_subtasks_comments_files_logs_table.php | donor:09_PROPERTY_JOBS_AND_DISPATCH/Modules_for_Titan_BOS/CleaningJobs/CleaningJobs/Database/migrations/2026_04_28_000130_create_cleaning_job_subtasks_comments_files_logs_table.php
cleaning_job_tasks,2,1,no,09_PROPERTY_JOBS_AND_DISPATCH/CleaningJobs,donor:09_PROPERTY_JOBS_AND_DISPATCH/Modules_for_Titan_BOS/CleaningJobs/CleaningJobs/Database/Migrations/2026_04_28_000120_create_cleaning_job_tasks_table.php | donor:09_PROPERTY_JOBS_AND_DISPATCH/Modules_for_Titan_BOS/CleaningJobs/CleaningJobs/Database/migrations/2026_04_28_000120_create_cleaning_job_tasks_table.php
cleaning_job_timesheets,2,1,no,09_PROPERTY_JOBS_AND_DISPATCH/CleaningJobs,donor:09_PROPERTY_JOBS_AND_DISPATCH/Modules_for_Titan_BOS/CleaningJobs/CleaningJobs/Database/Migrations/2026_04_28_000140_create_cleaning_job_timesheets_and_resources_table.php | donor:09_PROPERTY_JOBS_AND_DISPATCH/Modules_for_Titan_BOS/CleaningJobs/CleaningJobs/Database/migrations/2026_04_28_000140_create_cleaning_job_timesheets_and_resources_table.php
client_projects,2,1,no,09_PROPERTY_JOBS_AND_DISPATCH/CleaningJobs,donor:09_PROPERTY_JOBS_AND_DISPATCH/Modules_for_Titan_BOS/CleaningJobs/CleaningJobs/Database/Migrations/2022_07_19_065033_create_client_projects_table.php | donor:09_PROPERTY_JOBS_AND_DISPATCH/Modules_for_Titan_BOS/CleaningJobs/CleaningJobs/Database/migrations/2022_07_19_065033_create_client_projects_table.php
comments,2,1,no,09_PROPERTY_JOBS_AND_DISPATCH/CleaningJobs,donor:09_PROPERTY_JOBS_AND_DISPATCH/Modules_for_Titan_BOS/CleaningJobs/CleaningJobs/Database/Migrations/2022_07_14_132351_create_comments_table.php | donor:09_PROPERTY_JOBS_AND_DISPATCH/Modules_for_Titan_BOS/CleaningJobs/CleaningJobs/Database/migrations/2022_07_14_132351_create_comments_table.php
companies,2,2,yes,MagicAI + WorkCore host | Titan Train v0.7.0,donor:01_TITAN_TRAIN_CANONICAL_CORE/Titan_Train_v0.7.0/database/migrations/2026_07_25_000001_create_titan_foundation_tables.php | host:database/migrations/2024_02_26_184945_create_companies_table.php
compensatory_offs,2,1,no,06_WORKFORCE_AND_ONBOARDING/HRCore,donor:06_WORKFORCE_AND_ONBOARDING/Modules_for_Titan_BOS/HRCore/HRCore/Database/Migrations/2025_07_12_114015_create_compensatory_offs_table.php | donor:06_WORKFORCE_AND_ONBOARDING/Modules_for_Titan_BOS/HRCore/HRCore/database/migrations/2025_07_12_114015_create_compensatory_offs_table.php
departments,2,1,no,06_WORKFORCE_AND_ONBOARDING/HRCore,donor:06_WORKFORCE_AND_ONBOARDING/Modules_for_Titan_BOS/HRCore/HRCore/Database/Migrations/2024_12_16_084436_create_departments.php | donor:06_WORKFORCE_AND_ONBOARDING/Modules_for_Titan_BOS/HRCore/HRCore/database/migrations/2024_12_16_084436_create_departments.php
designations,2,1,no,06_WORKFORCE_AND_ONBOARDING/HRCore,donor:06_WORKFORCE_AND_ONBOARDING/Modules_for_Titan_BOS/HRCore/HRCore/Database/Migrations/2024_12_16_084459_create_designations.php | donor:06_WORKFORCE_AND_ONBOARDING/Modules_for_Titan_BOS/HRCore/HRCore/database/migrations/2024_12_16_084459_create_designations.php
elevenlab_voices,2,2,yes,13_HOST_INTEGRATION_REFERENCES/MagicAI_WorkCore_Selected | MagicAI + WorkCore host,donor:13_HOST_INTEGRATION_REFERENCES/MagicAI_WorkCore_Selected/database/migrations/2024_02_16_163955_create_elevenlab_voices_table.php | host:database/migrations/2024_02_16_163955_create_elevenlab_voices_table.php
employee_histories,2,1,no,06_WORKFORCE_AND_ONBOARDING/HRCore,donor:06_WORKFORCE_AND_ONBOARDING/Modules_for_Titan_BOS/HRCore/HRCore/Database/Migrations/2025_01_20_100000_create_employee_lifecycle_tables.php | donor:06_WORKFORCE_AND_ONBOARDING/Modules_for_Titan_BOS/HRCore/HRCore/database/migrations/2025_01_20_100000_create_employee_lifecycle_tables.php
employee_lifecycle_states,2,1,no,06_WORKFORCE_AND_ONBOARDING/HRCore,donor:06_WORKFORCE_AND_ONBOARDING/Modules_for_Titan_BOS/HRCore/HRCore/Database/Migrations/2025_01_20_100000_create_employee_lifecycle_tables.php | donor:06_WORKFORCE_AND_ONBOARDING/Modules_for_Titan_BOS/HRCore/HRCore/database/migrations/2025_01_20_100000_create_employee_lifecycle_tables.php
employee_offboarding_checklists,2,1,no,06_WORKFORCE_AND_ONBOARDING/HRCore,donor:06_WORKFORCE_AND_ONBOARDING/Modules_for_Titan_BOS/HRCore/HRCore/Database/Migrations/2025_01_20_100000_create_employee_lifecycle_tables.php | donor:06_WORKFORCE_AND_ONBOARDING/Modules_for_Titan_BOS/HRCore/HRCore/database/migrations/2025_01_20_100000_create_employee_lifecycle_tables.php
employee_onboarding_checklists,2,1,no,06_WORKFORCE_AND_ONBOARDING/HRCore,donor:06_WORKFORCE_AND_ONBOARDING/Modules_for_Titan_BOS/HRCore/HRCore/Database/Migrations/2025_01_20_100000_create_employee_lifecycle_tables.php | donor:06_WORKFORCE_AND_ONBOARDING/Modules_for_Titan_BOS/HRCore/HRCore/database/migrations/2025_01_20_100000_create_employee_lifecycle_tables.php
employee_probations,2,1,no,06_WORKFORCE_AND_ONBOARDING/HRCore,donor:06_WORKFORCE_AND_ONBOARDING/Modules_for_Titan_BOS/HRCore/HRCore/Database/Migrations/2025_01_20_100000_create_employee_lifecycle_tables.php | donor:06_WORKFORCE_AND_ONBOARDING/Modules_for_Titan_BOS/HRCore/HRCore/database/migrations/2025_01_20_100000_create_employee_lifecycle_tables.php
employee_promotions,2,1,no,06_WORKFORCE_AND_ONBOARDING/HRCore,donor:06_WORKFORCE_AND_ONBOARDING/Modules_for_Titan_BOS/HRCore/HRCore/Database/Migrations/2025_01_20_100000_create_employee_lifecycle_tables.php | donor:06_WORKFORCE_AND_ONBOARDING/Modules_for_Titan_BOS/HRCore/HRCore/database/migrations/2025_01_20_100000_create_employee_lifecycle_tables.php
employee_transfers,2,1,no,06_WORKFORCE_AND_ONBOARDING/HRCore,donor:06_WORKFORCE_AND_ONBOARDING/Modules_for_Titan_BOS/HRCore/HRCore/Database/Migrations/2025_01_20_100000_create_employee_lifecycle_tables.php | donor:06_WORKFORCE_AND_ONBOARDING/Modules_for_Titan_BOS/HRCore/HRCore/database/migrations/2025_01_20_100000_create_employee_lifecycle_tables.php
expense_requests,2,1,no,06_WORKFORCE_AND_ONBOARDING/HRCore,donor:06_WORKFORCE_AND_ONBOARDING/Modules_for_Titan_BOS/HRCore/HRCore/Database/Migrations/2024_12_17_141415_create_expense_requests.php | donor:06_WORKFORCE_AND_ONBOARDING/Modules_for_Titan_BOS/HRCore/HRCore/database/migrations/2024_12_17_141415_create_expense_requests.php
expense_types,2,1,no,06_WORKFORCE_AND_ONBOARDING/HRCore,donor:06_WORKFORCE_AND_ONBOARDING/Modules_for_Titan_BOS/HRCore/HRCore/Database/Migrations/2024_09_28_082926_create_expense_types.php | donor:06_WORKFORCE_AND_ONBOARDING/Modules_for_Titan_BOS/HRCore/HRCore/database/migrations/2024_09_28_082926_create_expense_types.php
ext_chatbot_team_conversation_participants,2,1,no,Titan Zero Chatbot PWA,donor:03_LEARNER_PWA_AND_CHANNELS/Titan_Zero_Chatbot_PWA/database/migrations/2026_07_27_210100_create_ext_chatbot_team_participants.php | donor:03_LEARNER_PWA_AND_CHANNELS/Titan_Zero_Chatbot_PWA/database/migrations/2026_07_29_000100_create_chatbot_team_chat_tables.php
ext_chatbot_team_conversations,2,1,no,Titan Zero Chatbot PWA,donor:03_LEARNER_PWA_AND_CHANNELS/Titan_Zero_Chatbot_PWA/database/migrations/2026_07_27_210000_create_ext_chatbot_team_conversations.php | donor:03_LEARNER_PWA_AND_CHANNELS/Titan_Zero_Chatbot_PWA/database/migrations/2026_07_29_000100_create_chatbot_team_chat_tables.php
ext_chatbot_team_message_reads,2,1,no,Titan Zero Chatbot PWA,donor:03_LEARNER_PWA_AND_CHANNELS/Titan_Zero_Chatbot_PWA/database/migrations/2026_07_27_210200_create_ext_chatbot_team_messages.php | donor:03_LEARNER_PWA_AND_CHANNELS/Titan_Zero_Chatbot_PWA/database/migrations/2026_07_29_000100_create_chatbot_team_chat_tables.php
ext_chatbot_team_messages,2,1,no,Titan Zero Chatbot PWA,donor:03_LEARNER_PWA_AND_CHANNELS/Titan_Zero_Chatbot_PWA/database/migrations/2026_07_27_210200_create_ext_chatbot_team_messages.php | donor:03_LEARNER_PWA_AND_CHANNELS/Titan_Zero_Chatbot_PWA/database/migrations/2026_07_29_000100_create_chatbot_team_chat_tables.php
extensions,2,2,yes,13_HOST_INTEGRATION_REFERENCES/MagicAI_WorkCore_Selected | MagicAI + WorkCore host,donor:13_HOST_INTEGRATION_REFERENCES/MagicAI_WorkCore_Selected/database/migrations/2024_01_17_072456_create_extensions_table.php | host:database/migrations/2024_01_17_072456_create_extensions_table.php
failed_jobs,2,2,yes,MagicAI + WorkCore host | Titan Train v0.7.0,donor:01_TITAN_TRAIN_CANONICAL_CORE/Titan_Train_v0.7.0/database/migrations/0001_01_01_000002_create_jobs_table.php | host:database/migrations/2019_08_19_000000_create_failed_jobs_table.php
frontend_channel_settings,2,2,yes,13_HOST_INTEGRATION_REFERENCES/MagicAI_WorkCore_Selected | MagicAI + WorkCore host,donor:13_HOST_INTEGRATION_REFERENCES/MagicAI_WorkCore_Selected/database/migrations/2025_03_18_050755_create_channel_settings_table.php | host:database/migrations/2025_03_18_050755_create_channel_settings_table.php
holidays,2,1,no,06_WORKFORCE_AND_ONBOARDING/HRCore,donor:06_WORKFORCE_AND_ONBOARDING/Modules_for_Titan_BOS/HRCore/HRCore/Database/Migrations/2024_10_23_112732_create_holidays.php | donor:06_WORKFORCE_AND_ONBOARDING/Modules_for_Titan_BOS/HRCore/HRCore/database/migrations/2024_10_23_112732_create_holidays.php
inspection_schedule_files,3,2,no,07_COMPLIANCE_ASSESSMENT_AND_QUALITY/CleanQuality | 07_COMPLIANCE_ASSESSMENT_AND_QUALITY/QualityControl,donor:07_COMPLIANCE_ASSESSMENT_AND_QUALITY/Modules_for_Titan_BOS/CleanQuality/CleanQuality/Database/Migrations/2023_02_25_034720_create_schedule_files_table.php | donor:07_COMPLIANCE_ASSESSMENT_AND_QUALITY/Modules_for_Titan_BOS/QualityControl/QualityControl/Database/Migrations/2023_02_25_034720_create_schedule_files_table.php | donor:07_COMPLIANCE_ASSESSMENT_AND_QUALITY/Modules_for_Titan_BOS/QualityControl/QualityControl/Database/Migrations/2023_02_25_034720_qc_create_schedule_files_table.php
inspection_schedule_items,3,2,no,07_COMPLIANCE_ASSESSMENT_AND_QUALITY/CleanQuality | 07_COMPLIANCE_ASSESSMENT_AND_QUALITY/QualityControl,donor:07_COMPLIANCE_ASSESSMENT_AND_QUALITY/Modules_for_Titan_BOS/CleanQuality/CleanQuality/Database/Migrations/2023_02_25_020625_create_schedule_items_table.php | donor:07_COMPLIANCE_ASSESSMENT_AND_QUALITY/Modules_for_Titan_BOS/QualityControl/QualityControl/Database/Migrations/2023_02_25_020625_create_schedule_items_table.php | donor:07_COMPLIANCE_ASSESSMENT_AND_QUALITY/Modules_for_Titan_BOS/QualityControl/QualityControl/Database/Migrations/2023_02_25_020625_qc_create_schedule_items_table.php
inspection_schedule_recurring,3,2,no,07_COMPLIANCE_ASSESSMENT_AND_QUALITY/CleanQuality | 07_COMPLIANCE_ASSESSMENT_AND_QUALITY/QualityControl,donor:07_COMPLIANCE_ASSESSMENT_AND_QUALITY/Modules_for_Titan_BOS/CleanQuality/CleanQuality/Database/Migrations/2023_02_25_013151_create_schedule_recurring_table.php | donor:07_COMPLIANCE_ASSESSMENT_AND_QUALITY/Modules_for_Titan_BOS/QualityControl/QualityControl/Database/Migrations/2023_02_25_013151_create_schedule_recurring_table.php | donor:07_COMPLIANCE_ASSESSMENT_AND_QUALITY/Modules_for_Titan_BOS/QualityControl/QualityControl/Database/Migrations/2023_02_25_013151_qc_create_schedule_recurring_table.php
inspection_schedule_recurring_items,3,2,no,07_COMPLIANCE_ASSESSMENT_AND_QUALITY/CleanQuality | 07_COMPLIANCE_ASSESSMENT_AND_QUALITY/QualityControl,donor:07_COMPLIANCE_ASSESSMENT_AND_QUALITY/Modules_for_Titan_BOS/CleanQuality/CleanQuality/Database/Migrations/2023_02_25_015641_create_schedule_recurring_items_table.php | donor:07_COMPLIANCE_ASSESSMENT_AND_QUALITY/Modules_for_Titan_BOS/QualityControl/QualityControl/Database/Migrations/2023_02_25_015641_create_schedule_recurring_items_table.php | donor:07_COMPLIANCE_ASSESSMENT_AND_QUALITY/Modules_for_Titan_BOS/QualityControl/QualityControl/Database/Migrations/2023_02_25_015641_qc_create_schedule_recurring_items_table.php
inspection_schedule_replies,3,2,no,07_COMPLIANCE_ASSESSMENT_AND_QUALITY/CleanQuality | 07_COMPLIANCE_ASSESSMENT_AND_QUALITY/QualityControl,donor:07_COMPLIANCE_ASSESSMENT_AND_QUALITY/Modules_for_Titan_BOS/CleanQuality/CleanQuality/Database/Migrations/2023_02_25_034644_create_schedule_replies_table.php | donor:07_COMPLIANCE_ASSESSMENT_AND_QUALITY/Modules_for_Titan_BOS/QualityControl/QualityControl/Database/Migrations/2023_02_25_034644_create_schedule_replies_table.php | donor:07_COMPLIANCE_ASSESSMENT_AND_QUALITY/Modules_for_Titan_BOS/QualityControl/QualityControl/Database/Migrations/2023_02_25_034644_qc_create_schedule_replies_table.php
inspection_schedules,3,2,no,07_COMPLIANCE_ASSESSMENT_AND_QUALITY/CleanQuality | 07_COMPLIANCE_ASSESSMENT_AND_QUALITY/QualityControl,donor:07_COMPLIANCE_ASSESSMENT_AND_QUALITY/Modules_for_Titan_BOS/CleanQuality/CleanQuality/Database/Migrations/2023_02_25_020525_create_schedules_table.php | donor:07_COMPLIANCE_ASSESSMENT_AND_QUALITY/Modules_for_Titan_BOS/QualityControl/QualityControl/Database/Migrations/2023_02_25_020525_create_schedules_table.php | donor:07_COMPLIANCE_ASSESSMENT_AND_QUALITY/Modules_for_Titan_BOS/QualityControl/QualityControl/Database/Migrations/2023_02_25_020525_qc_create_schedules_table.php
inspection_template_items,3,2,no,07_COMPLIANCE_ASSESSMENT_AND_QUALITY/CleanQuality | 07_COMPLIANCE_ASSESSMENT_AND_QUALITY/QualityControl,donor:07_COMPLIANCE_ASSESSMENT_AND_QUALITY/Modules_for_Titan_BOS/CleanQuality/CleanQuality/Database/Migrations/2025_12_23_030100_create_inspection_template_items_table.php | donor:07_COMPLIANCE_ASSESSMENT_AND_QUALITY/Modules_for_Titan_BOS/QualityControl/QualityControl/Database/Migrations/2025_12_23_030100_create_inspection_template_items_table.php | donor:07_COMPLIANCE_ASSESSMENT_AND_QUALITY/Modules_for_Titan_BOS/QualityControl/QualityControl/Database/Migrations/2025_12_23_030100_qc_create_inspection_template_items_table.php
inspection_templates,3,2,no,07_COMPLIANCE_ASSESSMENT_AND_QUALITY/CleanQuality | 07_COMPLIANCE_ASSESSMENT_AND_QUALITY/QualityControl,donor:07_COMPLIANCE_ASSESSMENT_AND_QUALITY/Modules_for_Titan_BOS/CleanQuality/CleanQuality/Database/Migrations/2025_12_23_030000_create_inspection_templates_table.php | donor:07_COMPLIANCE_ASSESSMENT_AND_QUALITY/Modules_for_Titan_BOS/QualityControl/QualityControl/Database/Migrations/2025_12_23_030000_create_inspection_templates_table.php | donor:07_COMPLIANCE_ASSESSMENT_AND_QUALITY/Modules_for_Titan_BOS/QualityControl/QualityControl/Database/Migrations/2025_12_23_030000_qc_create_inspection_templates_table.php
jobs,3,3,yes,06_WORKFORCE_AND_ONBOARDING/Recruitment | MagicAI + WorkCore host | Titan Train v0.7.0,donor:06_WORKFORCE_AND_ONBOARDING/Modules_for_Titan_BOS/Recruitment/Recruitment/Database/Migrations/2023_11_23_115900_create_jobs_table.php | donor:01_TITAN_TRAIN_CANONICAL_CORE/Titan_Train_v0.7.0/database/migrations/0001_01_01_000002_create_jobs_table.php | host:database/migrations/2023_03_01_113559_create_jobs_table.php
leave_accruals,2,1,no,06_WORKFORCE_AND_ONBOARDING/HRCore,donor:06_WORKFORCE_AND_ONBOARDING/Modules_for_Titan_BOS/HRCore/HRCore/Database/Migrations/2025_07_12_113935_create_leave_accruals_table.php | donor:06_WORKFORCE_AND_ONBOARDING/Modules_for_Titan_BOS/HRCore/HRCore/database/migrations/2025_07_12_113935_create_leave_accruals_table.php
leave_balance_adjustments,2,1,no,06_WORKFORCE_AND_ONBOARDING/HRCore,donor:06_WORKFORCE_AND_ONBOARDING/Modules_for_Titan_BOS/HRCore/HRCore/Database/Migrations/2025_07_12_114142_create_leave_balance_adjustments_table.php | donor:06_WORKFORCE_AND_ONBOARDING/Modules_for_Titan_BOS/HRCore/HRCore/database/migrations/2025_07_12_114142_create_leave_balance_adjustments_table.php
leave_requests,2,1,no,06_WORKFORCE_AND_ONBOARDING/HRCore,donor:06_WORKFORCE_AND_ONBOARDING/Modules_for_Titan_BOS/HRCore/HRCore/Database/Migrations/2024_10_10_121502_create_leave_requests.php | donor:06_WORKFORCE_AND_ONBOARDING/Modules_for_Titan_BOS/HRCore/HRCore/database/migrations/2024_10_10_121502_create_leave_requests.php
leave_types,2,1,no,06_WORKFORCE_AND_ONBOARDING/HRCore,donor:06_WORKFORCE_AND_ONBOARDING/Modules_for_Titan_BOS/HRCore/HRCore/Database/Migrations/2024_09_28_013236_create_leave_types.php | donor:06_WORKFORCE_AND_ONBOARDING/Modules_for_Titan_BOS/HRCore/HRCore/database/migrations/2024_09_28_013236_create_leave_types.php
milestones,2,1,no,09_PROPERTY_JOBS_AND_DISPATCH/CleaningJobs,donor:09_PROPERTY_JOBS_AND_DISPATCH/Modules_for_Titan_BOS/CleaningJobs/CleaningJobs/Database/Migrations/2019_10_14_220244_create_milestones_table.php | donor:09_PROPERTY_JOBS_AND_DISPATCH/Modules_for_Titan_BOS/CleaningJobs/CleaningJobs/Database/migrations/2019_10_14_220244_create_milestones_table.php
model_council_responses,2,2,no,04_AI_AUTHORING_STUDIO/model-council | Titan Zero Chatbot PWA,donor:04_AI_AUTHORING_STUDIO/Base_App_System_Extensions/model-council/database\migrations\2026_02_24_000002_create_model_council_responses_table.php | donor:03_LEARNER_PWA_AND_CHANNELS/Titan_Zero_Chatbot_PWA/System/TitanAI/model-routing/model-council/database/migrations/2026_02_24_000002_create_model_council_responses_table.php
password_reset_tokens,2,2,yes,MagicAI + WorkCore host | Titan Train v0.7.0,donor:01_TITAN_TRAIN_CANONICAL_CORE/Titan_Train_v0.7.0/database/migrations/0001_01_01_000000_create_users_table.php | host:database/migrations/2014_10_12_100000_create_password_reset_tokens_table.php
personal_access_tokens,3,3,yes,11_AUDIT_INTEGRATIONS_AND_RECOVERY/RestAPI | MagicAI + WorkCore host | Titan Train v0.7.0,donor:11_AUDIT_INTEGRATIONS_AND_RECOVERY/Modules_for_Titan_BOS/RestAPI/RestAPI/Database/Migrations/2019_12_14_000001_create_personal_access_tokens_table.php | donor:01_TITAN_TRAIN_CANONICAL_CORE/Titan_Train_v0.7.0/database/migrations/2025_11_24_185634_create_personal_access_tokens_table.php | host:database/migrations/2019_12_14_000001_create_personal_access_tokens_table.php
pm_accommodation_channel_references,2,2,yes,13_HOST_INTEGRATION_REFERENCES/MagicAI_WorkCore_Selected | MagicAI + WorkCore host,donor:13_HOST_INTEGRATION_REFERENCES/MagicAI_WorkCore_Selected/app/Domains/WorkCore/Database/Migrations/2026_07_23_120095_create_pm_accommodation_operations_tables.php | host:app/Domains/WorkCore/Database/Migrations/2026_07_23_120095_create_pm_accommodation_operations_tables.php
pm_accommodation_charges,2,2,yes,13_HOST_INTEGRATION_REFERENCES/MagicAI_WorkCore_Selected | MagicAI + WorkCore host,donor:13_HOST_INTEGRATION_REFERENCES/MagicAI_WorkCore_Selected/app/Domains/WorkCore/Database/Migrations/2026_07_23_120095_create_pm_accommodation_operations_tables.php | host:app/Domains/WorkCore/Database/Migrations/2026_07_23_120095_create_pm_accommodation_operations_tables.php
pm_accommodation_guests,2,2,yes,13_HOST_INTEGRATION_REFERENCES/MagicAI_WorkCore_Selected | MagicAI + WorkCore host,donor:13_HOST_INTEGRATION_REFERENCES/MagicAI_WorkCore_Selected/app/Domains/WorkCore/Database/Migrations/2026_07_23_120095_create_pm_accommodation_operations_tables.php | host:app/Domains/WorkCore/Database/Migrations/2026_07_23_120095_create_pm_accommodation_operations_tables.php
pm_accommodation_housekeeping_tasks,2,2,yes,13_HOST_INTEGRATION_REFERENCES/MagicAI_WorkCore_Selected | MagicAI + WorkCore host,donor:13_HOST_INTEGRATION_REFERENCES/MagicAI_WorkCore_Selected/app/Domains/WorkCore/Database/Migrations/2026_07_23_120095_create_pm_accommodation_operations_tables.php | host:app/Domains/WorkCore/Database/Migrations/2026_07_23_120095_create_pm_accommodation_operations_tables.php
pm_accommodation_rate_plans,2,2,yes,13_HOST_INTEGRATION_REFERENCES/MagicAI_WorkCore_Selected | MagicAI + WorkCore host,donor:13_HOST_INTEGRATION_REFERENCES/MagicAI_WorkCore_Selected/app/Domains/WorkCore/Database/Migrations/2026_07_23_120095_create_pm_accommodation_operations_tables.php | host:app/Domains/WorkCore/Database/Migrations/2026_07_23_120095_create_pm_accommodation_operations_tables.php
pm_accommodation_reservation_spaces,2,2,yes,13_HOST_INTEGRATION_REFERENCES/MagicAI_WorkCore_Selected | MagicAI + WorkCore host,donor:13_HOST_INTEGRATION_REFERENCES/MagicAI_WorkCore_Selected/app/Domains/WorkCore/Database/Migrations/2026_07_23_120095_create_pm_accommodation_operations_tables.php | host:app/Domains/WorkCore/Database/Migrations/2026_07_23_120095_create_pm_accommodation_operations_tables.php
pm_accommodation_reservations,2,2,yes,13_HOST_INTEGRATION_REFERENCES/MagicAI_WorkCore_Selected | MagicAI + WorkCore host,donor:13_HOST_INTEGRATION_REFERENCES/MagicAI_WorkCore_Selected/app/Domains/WorkCore/Database/Migrations/2026_07_23_120095_create_pm_accommodation_operations_tables.php | host:app/Domains/WorkCore/Database/Migrations/2026_07_23_120095_create_pm_accommodation_operations_tables.php
pm_accommodation_stays,2,2,yes,13_HOST_INTEGRATION_REFERENCES/MagicAI_WorkCore_Selected | MagicAI + WorkCore host,donor:13_HOST_INTEGRATION_REFERENCES/MagicAI_WorkCore_Selected/app/Domains/WorkCore/Database/Migrations/2026_07_23_120095_create_pm_accommodation_operations_tables.php | host:app/Domains/WorkCore/Database/Migrations/2026_07_23_120095_create_pm_accommodation_operations_tables.php
pm_compliance_evidence,2,2,yes,13_HOST_INTEGRATION_REFERENCES/MagicAI_WorkCore_Selected | MagicAI + WorkCore host,donor:13_HOST_INTEGRATION_REFERENCES/MagicAI_WorkCore_Selected/app/Domains/WorkCore/Database/Migrations/2026_07_23_120100_create_pm_compliance_register_tables.php | host:app/Domains/WorkCore/Database/Migrations/2026_07_23_120100_create_pm_compliance_register_tables.php
pm_compliance_occurrences,2,2,yes,13_HOST_INTEGRATION_REFERENCES/MagicAI_WorkCore_Selected | MagicAI + WorkCore host,donor:13_HOST_INTEGRATION_REFERENCES/MagicAI_WorkCore_Selected/app/Domains/WorkCore/Database/Migrations/2026_07_23_120100_create_pm_compliance_register_tables.php | host:app/Domains/WorkCore/Database/Migrations/2026_07_23_120100_create_pm_compliance_register_tables.php
pm_compliance_requirements,2,2,yes,13_HOST_INTEGRATION_REFERENCES/MagicAI_WorkCore_Selected | MagicAI + WorkCore host,donor:13_HOST_INTEGRATION_REFERENCES/MagicAI_WorkCore_Selected/app/Domains/WorkCore/Database/Migrations/2026_07_23_120100_create_pm_compliance_register_tables.php | host:app/Domains/WorkCore/Database/Migrations/2026_07_23_120100_create_pm_compliance_register_tables.php
pm_compliance_rule_packs,2,2,yes,13_HOST_INTEGRATION_REFERENCES/MagicAI_WorkCore_Selected | MagicAI + WorkCore host,donor:13_HOST_INTEGRATION_REFERENCES/MagicAI_WorkCore_Selected/app/Domains/WorkCore/Database/Migrations/2026_07_23_120100_create_pm_compliance_register_tables.php | host:app/Domains/WorkCore/Database/Migrations/2026_07_23_120100_create_pm_compliance_register_tables.php
pm_meter_readings,3,3,yes,09_PROPERTY_JOBS_AND_DISPATCH/ManagedPremises | 13_HOST_INTEGRATION_REFERENCES/MagicAI_WorkCore_Selected | MagicAI + WorkCore host,donor:09_PROPERTY_JOBS_AND_DISPATCH/Modules_for_Titan_BOS/ManagedPremises/ManagedPremises/Database/Migrations/2026_01_04_000200_create_pm_meter_readings_table.php | donor:13_HOST_INTEGRATION_REFERENCES/MagicAI_WorkCore_Selected/app/Domains/WorkCore/Database/Migrations/2026_07_23_120078_create_pm_meter_readings_table.php | host:app/Domains/WorkCore/Database/Migrations/2026_07_23_120078_create_pm_meter_readings_table.php
pm_premise_access_authorisations,2,2,yes,13_HOST_INTEGRATION_REFERENCES/MagicAI_WorkCore_Selected | MagicAI + WorkCore host,donor:13_HOST_INTEGRATION_REFERENCES/MagicAI_WorkCore_Selected/app/Domains/WorkCore/Database/Migrations/2026_07_23_120086_create_pm_access_condition_incident_tables.php | host:app/Domains/WorkCore/Database/Migrations/2026_07_23_120086_create_pm_access_condition_incident_tables.php
pm_premise_access_card_request_items,2,2,yes,13_HOST_INTEGRATION_REFERENCES/MagicAI_WorkCore_Selected | MagicAI + WorkCore host,donor:13_HOST_INTEGRATION_REFERENCES/MagicAI_WorkCore_Selected/app/Domains/WorkCore/Database/Migrations/2026_07_23_120090_create_pm_access_card_requests_and_work_permits.php | host:app/Domains/WorkCore/Database/Migrations/2026_07_23_120090_create_pm_access_card_requests_and_work_permits.php
pm_premise_access_card_requests,2,2,yes,13_HOST_INTEGRATION_REFERENCES/MagicAI_WorkCore_Selected | MagicAI + WorkCore host,donor:13_HOST_INTEGRATION_REFERENCES/MagicAI_WorkCore_Selected/app/Domains/WorkCore/Database/Migrations/2026_07_23_120090_create_pm_access_card_requests_and_work_permits.php | host:app/Domains/WorkCore/Database/Migrations/2026_07_23_120090_create_pm_access_card_requests_and_work_permits.php
pm_premise_access_events,2,2,yes,13_HOST_INTEGRATION_REFERENCES/MagicAI_WorkCore_Selected | MagicAI + WorkCore host,donor:13_HOST_INTEGRATION_REFERENCES/MagicAI_WorkCore_Selected/app/Domains/WorkCore/Database/Migrations/2026_07_23_120086_create_pm_access_condition_incident_tables.php | host:app/Domains/WorkCore/Database/Migrations/2026_07_23_120086_create_pm_access_condition_incident_tables.php
pm_premise_access_items,2,2,yes,13_HOST_INTEGRATION_REFERENCES/MagicAI_WorkCore_Selected | MagicAI + WorkCore host,donor:13_HOST_INTEGRATION_REFERENCES/MagicAI_WorkCore_Selected/app/Domains/WorkCore/Database/Migrations/2026_07_23_120086_create_pm_access_condition_incident_tables.php | host:app/Domains/WorkCore/Database/Migrations/2026_07_23_120086_create_pm_access_condition_incident_tables.php
pm_premise_agreement_finance_links,2,2,yes,13_HOST_INTEGRATION_REFERENCES/MagicAI_WorkCore_Selected | MagicAI + WorkCore host,donor:13_HOST_INTEGRATION_REFERENCES/MagicAI_WorkCore_Selected/app/Domains/WorkCore/Database/Migrations/2026_07_23_120085_create_pm_premise_agreements.php | host:app/Domains/WorkCore/Database/Migrations/2026_07_23_120085_create_pm_premise_agreements.php
pm_premise_agreement_parties,2,2,yes,13_HOST_INTEGRATION_REFERENCES/MagicAI_WorkCore_Selected | MagicAI + WorkCore host,donor:13_HOST_INTEGRATION_REFERENCES/MagicAI_WorkCore_Selected/app/Domains/WorkCore/Database/Migrations/2026_07_23_120085_create_pm_premise_agreements.php | host:app/Domains/WorkCore/Database/Migrations/2026_07_23_120085_create_pm_premise_agreements.php
pm_premise_agreements,2,2,yes,13_HOST_INTEGRATION_REFERENCES/MagicAI_WorkCore_Selected | MagicAI + WorkCore host,donor:13_HOST_INTEGRATION_REFERENCES/MagicAI_WorkCore_Selected/app/Domains/WorkCore/Database/Migrations/2026_07_23_120085_create_pm_premise_agreements.php | host:app/Domains/WorkCore/Database/Migrations/2026_07_23_120085_create_pm_premise_agreements.php
pm_premise_application_events,2,2,yes,13_HOST_INTEGRATION_REFERENCES/MagicAI_WorkCore_Selected | MagicAI + WorkCore host,donor:13_HOST_INTEGRATION_REFERENCES/MagicAI_WorkCore_Selected/app/Domains/WorkCore/Database/Migrations/2026_07_23_120089_create_pm_applications_communications_requests.php | host:app/Domains/WorkCore/Database/Migrations/2026_07_23_120089_create_pm_applications_communications_requests.php
pm_premise_applications,2,2,yes,13_HOST_INTEGRATION_REFERENCES/MagicAI_WorkCore_Selected | MagicAI + WorkCore host,donor:13_HOST_INTEGRATION_REFERENCES/MagicAI_WorkCore_Selected/app/Domains/WorkCore/Database/Migrations/2026_07_23_120089_create_pm_applications_communications_requests.php | host:app/Domains/WorkCore/Database/Migrations/2026_07_23_120089_create_pm_applications_communications_requests.php
pm_premise_approval_decisions,2,2,yes,13_HOST_INTEGRATION_REFERENCES/MagicAI_WorkCore_Selected | MagicAI + WorkCore host,donor:13_HOST_INTEGRATION_REFERENCES/MagicAI_WorkCore_Selected/app/Domains/WorkCore/Database/Migrations/2026_07_23_120091_create_pm_portfolios_ownership_management_approvals.php | host:app/Domains/WorkCore/Database/Migrations/2026_07_23_120091_create_pm_portfolios_ownership_management_approvals.php
pm_premise_approval_requests,2,2,yes,13_HOST_INTEGRATION_REFERENCES/MagicAI_WorkCore_Selected | MagicAI + WorkCore host,donor:13_HOST_INTEGRATION_REFERENCES/MagicAI_WorkCore_Selected/app/Domains/WorkCore/Database/Migrations/2026_07_23_120091_create_pm_portfolios_ownership_management_approvals.php | host:app/Domains/WorkCore/Database/Migrations/2026_07_23_120091_create_pm_portfolios_ownership_management_approvals.php
pm_premise_condition_records,2,2,yes,13_HOST_INTEGRATION_REFERENCES/MagicAI_WorkCore_Selected | MagicAI + WorkCore host,donor:13_HOST_INTEGRATION_REFERENCES/MagicAI_WorkCore_Selected/app/Domains/WorkCore/Database/Migrations/2026_07_23_120086_create_pm_access_condition_incident_tables.php | host:app/Domains/WorkCore/Database/Migrations/2026_07_23_120086_create_pm_access_condition_incident_tables.php
pm_premise_conversations,2,2,yes,13_HOST_INTEGRATION_REFERENCES/MagicAI_WorkCore_Selected | MagicAI + WorkCore host,donor:13_HOST_INTEGRATION_REFERENCES/MagicAI_WorkCore_Selected/app/Domains/WorkCore/Database/Migrations/2026_07_23_120089_create_pm_applications_communications_requests.php | host:app/Domains/WorkCore/Database/Migrations/2026_07_23_120089_create_pm_applications_communications_requests.php
pm_premise_incidents,2,2,yes,13_HOST_INTEGRATION_REFERENCES/MagicAI_WorkCore_Selected | MagicAI + WorkCore host,donor:13_HOST_INTEGRATION_REFERENCES/MagicAI_WorkCore_Selected/app/Domains/WorkCore/Database/Migrations/2026_07_23_120086_create_pm_access_condition_incident_tables.php | host:app/Domains/WorkCore/Database/Migrations/2026_07_23_120086_create_pm_access_condition_incident_tables.php
pm_premise_management_authorities,2,2,yes,13_HOST_INTEGRATION_REFERENCES/MagicAI_WorkCore_Selected | MagicAI + WorkCore host,donor:13_HOST_INTEGRATION_REFERENCES/MagicAI_WorkCore_Selected/app/Domains/WorkCore/Database/Migrations/2026_07_23_120091_create_pm_portfolios_ownership_management_approvals.php | host:app/Domains/WorkCore/Database/Migrations/2026_07_23_120091_create_pm_portfolios_ownership_management_approvals.php
pm_premise_messages,2,2,yes,13_HOST_INTEGRATION_REFERENCES/MagicAI_WorkCore_Selected | MagicAI + WorkCore host,donor:13_HOST_INTEGRATION_REFERENCES/MagicAI_WorkCore_Selected/app/Domains/WorkCore/Database/Migrations/2026_07_23_120089_create_pm_applications_communications_requests.php | host:app/Domains/WorkCore/Database/Migrations/2026_07_23_120089_create_pm_applications_communications_requests.php
pm_premise_notices,2,2,yes,13_HOST_INTEGRATION_REFERENCES/MagicAI_WorkCore_Selected | MagicAI + WorkCore host,donor:13_HOST_INTEGRATION_REFERENCES/MagicAI_WorkCore_Selected/app/Domains/WorkCore/Database/Migrations/2026_07_23_120089_create_pm_applications_communications_requests.php | host:app/Domains/WorkCore/Database/Migrations/2026_07_23_120089_create_pm_applications_communications_requests.php
pm_premise_occupancies,2,2,yes,13_HOST_INTEGRATION_REFERENCES/MagicAI_WorkCore_Selected | MagicAI + WorkCore host,donor:13_HOST_INTEGRATION_REFERENCES/MagicAI_WorkCore_Selected/app/Domains/WorkCore/Database/Migrations/2026_07_23_120084_create_pm_premise_parties_and_occupancies.php | host:app/Domains/WorkCore/Database/Migrations/2026_07_23_120084_create_pm_premise_parties_and_occupancies.php
pm_premise_ownership_interests,2,2,yes,13_HOST_INTEGRATION_REFERENCES/MagicAI_WorkCore_Selected | MagicAI + WorkCore host,donor:13_HOST_INTEGRATION_REFERENCES/MagicAI_WorkCore_Selected/app/Domains/WorkCore/Database/Migrations/2026_07_23_120091_create_pm_portfolios_ownership_management_approvals.php | host:app/Domains/WorkCore/Database/Migrations/2026_07_23_120091_create_pm_portfolios_ownership_management_approvals.php
pm_premise_party_roles,2,2,yes,13_HOST_INTEGRATION_REFERENCES/MagicAI_WorkCore_Selected | MagicAI + WorkCore host,donor:13_HOST_INTEGRATION_REFERENCES/MagicAI_WorkCore_Selected/app/Domains/WorkCore/Database/Migrations/2026_07_23_120084_create_pm_premise_parties_and_occupancies.php | host:app/Domains/WorkCore/Database/Migrations/2026_07_23_120084_create_pm_premise_parties_and_occupancies.php
pm_premise_portal_events,2,2,yes,13_HOST_INTEGRATION_REFERENCES/MagicAI_WorkCore_Selected | MagicAI + WorkCore host,donor:13_HOST_INTEGRATION_REFERENCES/MagicAI_WorkCore_Selected/app/Domains/WorkCore/Database/Migrations/2026_07_23_120088_create_pm_portal_and_vacancy_tables.php | host:app/Domains/WorkCore/Database/Migrations/2026_07_23_120088_create_pm_portal_and_vacancy_tables.php
pm_premise_portal_grants,2,2,yes,13_HOST_INTEGRATION_REFERENCES/MagicAI_WorkCore_Selected | MagicAI + WorkCore host,donor:13_HOST_INTEGRATION_REFERENCES/MagicAI_WorkCore_Selected/app/Domains/WorkCore/Database/Migrations/2026_07_23_120088_create_pm_portal_and_vacancy_tables.php | host:app/Domains/WorkCore/Database/Migrations/2026_07_23_120088_create_pm_portal_and_vacancy_tables.php
pm_premise_portfolio_memberships,2,2,yes,13_HOST_INTEGRATION_REFERENCES/MagicAI_WorkCore_Selected | MagicAI + WorkCore host,donor:13_HOST_INTEGRATION_REFERENCES/MagicAI_WorkCore_Selected/app/Domains/WorkCore/Database/Migrations/2026_07_23_120091_create_pm_portfolios_ownership_management_approvals.php | host:app/Domains/WorkCore/Database/Migrations/2026_07_23_120091_create_pm_portfolios_ownership_management_approvals.php
pm_premise_portfolios,2,2,yes,13_HOST_INTEGRATION_REFERENCES/MagicAI_WorkCore_Selected | MagicAI + WorkCore host,donor:13_HOST_INTEGRATION_REFERENCES/MagicAI_WorkCore_Selected/app/Domains/WorkCore/Database/Migrations/2026_07_23_120091_create_pm_portfolios_ownership_management_approvals.php | host:app/Domains/WorkCore/Database/Migrations/2026_07_23_120091_create_pm_portfolios_ownership_management_approvals.php
pm_premise_self_service_requests,2,2,yes,13_HOST_INTEGRATION_REFERENCES/MagicAI_WorkCore_Selected | MagicAI + WorkCore host,donor:13_HOST_INTEGRATION_REFERENCES/MagicAI_WorkCore_Selected/app/Domains/WorkCore/Database/Migrations/2026_07_23_120089_create_pm_applications_communications_requests.php | host:app/Domains/WorkCore/Database/Migrations/2026_07_23_120089_create_pm_applications_communications_requests.php
pm_premise_spaces,2,2,yes,13_HOST_INTEGRATION_REFERENCES/MagicAI_WorkCore_Selected | MagicAI + WorkCore host,donor:13_HOST_INTEGRATION_REFERENCES/MagicAI_WorkCore_Selected/app/Domains/WorkCore/Database/Migrations/2026_07_23_120083_create_pm_premise_spaces_table.php | host:app/Domains/WorkCore/Database/Migrations/2026_07_23_120083_create_pm_premise_spaces_table.php
pm_premise_vacancy_enquiries,2,2,yes,13_HOST_INTEGRATION_REFERENCES/MagicAI_WorkCore_Selected | MagicAI + WorkCore host,donor:13_HOST_INTEGRATION_REFERENCES/MagicAI_WorkCore_Selected/app/Domains/WorkCore/Database/Migrations/2026_07_23_120089_create_pm_applications_communications_requests.php | host:app/Domains/WorkCore/Database/Migrations/2026_07_23_120089_create_pm_applications_communications_requests.php
pm_premise_vacancy_listings,2,2,yes,13_HOST_INTEGRATION_REFERENCES/MagicAI_WorkCore_Selected | MagicAI + WorkCore host,donor:13_HOST_INTEGRATION_REFERENCES/MagicAI_WorkCore_Selected/app/Domains/WorkCore/Database/Migrations/2026_07_23_120088_create_pm_portal_and_vacancy_tables.php | host:app/Domains/WorkCore/Database/Migrations/2026_07_23_120088_create_pm_portal_and_vacancy_tables.php
pm_premise_vacancy_publications,2,2,yes,13_HOST_INTEGRATION_REFERENCES/MagicAI_WorkCore_Selected | MagicAI + WorkCore host,donor:13_HOST_INTEGRATION_REFERENCES/MagicAI_WorkCore_Selected/app/Domains/WorkCore/Database/Migrations/2026_07_23_120088_create_pm_portal_and_vacancy_tables.php | host:app/Domains/WorkCore/Database/Migrations/2026_07_23_120088_create_pm_portal_and_vacancy_tables.php
pm_premise_work_permit_approvals,2,2,yes,13_HOST_INTEGRATION_REFERENCES/MagicAI_WorkCore_Selected | MagicAI + WorkCore host,donor:13_HOST_INTEGRATION_REFERENCES/MagicAI_WorkCore_Selected/app/Domains/WorkCore/Database/Migrations/2026_07_23_120090_create_pm_access_card_requests_and_work_permits.php | host:app/Domains/WorkCore/Database/Migrations/2026_07_23_120090_create_pm_access_card_requests_and_work_permits.php
pm_premise_work_permits,2,2,yes,13_HOST_INTEGRATION_REFERENCES/MagicAI_WorkCore_Selected | MagicAI + WorkCore host,donor:13_HOST_INTEGRATION_REFERENCES/MagicAI_WorkCore_Selected/app/Domains/WorkCore/Database/Migrations/2026_07_23_120090_create_pm_access_card_requests_and_work_permits.php | host:app/Domains/WorkCore/Database/Migrations/2026_07_23_120090_create_pm_access_card_requests_and_work_permits.php
pm_premise_workflows,2,2,yes,13_HOST_INTEGRATION_REFERENCES/MagicAI_WorkCore_Selected | MagicAI + WorkCore host,donor:13_HOST_INTEGRATION_REFERENCES/MagicAI_WorkCore_Selected/app/Domains/WorkCore/Database/Migrations/2026_07_23_120087_create_pm_premise_workflows.php | host:app/Domains/WorkCore/Database/Migrations/2026_07_23_120087_create_pm_premise_workflows.php
pm_premises_asset_links,2,2,yes,13_HOST_INTEGRATION_REFERENCES/MagicAI_WorkCore_Selected | MagicAI + WorkCore host,donor:13_HOST_INTEGRATION_REFERENCES/MagicAI_WorkCore_Selected/app/Domains/WorkCore/Database/Migrations/2026_07_23_120093_premises_forms_and_assets_deduplication_links.php | host:app/Domains/WorkCore/Database/Migrations/2026_07_23_120093_premises_forms_and_assets_deduplication_links.php
pm_premises_contact_links,2,2,yes,13_HOST_INTEGRATION_REFERENCES/MagicAI_WorkCore_Selected | MagicAI + WorkCore host,donor:13_HOST_INTEGRATION_REFERENCES/MagicAI_WorkCore_Selected/app/Domains/WorkCore/Database/Migrations/2026_07_23_120092_premises_deduplication_links.php | host:app/Domains/WorkCore/Database/Migrations/2026_07_23_120092_premises_deduplication_links.php
pm_premises_form_links,2,2,yes,13_HOST_INTEGRATION_REFERENCES/MagicAI_WorkCore_Selected | MagicAI + WorkCore host,donor:13_HOST_INTEGRATION_REFERENCES/MagicAI_WorkCore_Selected/app/Domains/WorkCore/Database/Migrations/2026_07_23_120093_premises_forms_and_assets_deduplication_links.php | host:app/Domains/WorkCore/Database/Migrations/2026_07_23_120093_premises_forms_and_assets_deduplication_links.php
pm_premises_work_order_links,2,2,yes,13_HOST_INTEGRATION_REFERENCES/MagicAI_WorkCore_Selected | MagicAI + WorkCore host,donor:13_HOST_INTEGRATION_REFERENCES/MagicAI_WorkCore_Selected/app/Domains/WorkCore/Database/Migrations/2026_07_23_120092_premises_deduplication_links.php | host:app/Domains/WorkCore/Database/Migrations/2026_07_23_120092_premises_deduplication_links.php
pm_properties,3,3,yes,09_PROPERTY_JOBS_AND_DISPATCH/ManagedPremises | 13_HOST_INTEGRATION_REFERENCES/MagicAI_WorkCore_Selected | MagicAI + WorkCore host,donor:09_PROPERTY_JOBS_AND_DISPATCH/Modules_for_Titan_BOS/ManagedPremises/ManagedPremises/Database/Migrations/2026_01_02_000001_create_pm_properties_table.php | donor:13_HOST_INTEGRATION_REFERENCES/MagicAI_WorkCore_Selected/app/Domains/WorkCore/Database/Migrations/2026_07_23_120060_create_pm_properties_table.php | host:app/Domains/WorkCore/Database/Migrations/2026_07_23_120060_create_pm_properties_table.php
pm_property_approvals,3,3,yes,09_PROPERTY_JOBS_AND_DISPATCH/ManagedPremises | 13_HOST_INTEGRATION_REFERENCES/MagicAI_WorkCore_Selected | MagicAI + WorkCore host,donor:09_PROPERTY_JOBS_AND_DISPATCH/Modules_for_Titan_BOS/ManagedPremises/ManagedPremises/Database/Migrations/2026_01_02_000105_create_pm_property_approvals_table.php | donor:13_HOST_INTEGRATION_REFERENCES/MagicAI_WorkCore_Selected/app/Domains/WorkCore/Database/Migrations/2026_07_23_120077_create_pm_property_approvals_table.php | host:app/Domains/WorkCore/Database/Migrations/2026_07_23_120077_create_pm_property_approvals_table.php
pm_property_assets,3,3,yes,09_PROPERTY_JOBS_AND_DISPATCH/ManagedPremises | 13_HOST_INTEGRATION_REFERENCES/MagicAI_WorkCore_Selected | MagicAI + WorkCore host,donor:09_PROPERTY_JOBS_AND_DISPATCH/Modules_for_Titan_BOS/ManagedPremises/ManagedPremises/Database/Migrations/2026_01_02_000013_create_pm_property_assets_table.php | donor:13_HOST_INTEGRATION_REFERENCES/MagicAI_WorkCore_Selected/app/Domains/WorkCore/Database/Migrations/2026_07_23_120072_create_pm_property_assets_table.php | host:app/Domains/WorkCore/Database/Migrations/2026_07_23_120072_create_pm_property_assets_table.php
pm_property_checklists,3,3,yes,09_PROPERTY_JOBS_AND_DISPATCH/ManagedPremises | 13_HOST_INTEGRATION_REFERENCES/MagicAI_WorkCore_Selected | MagicAI + WorkCore host,donor:09_PROPERTY_JOBS_AND_DISPATCH/Modules_for_Titan_BOS/ManagedPremises/ManagedPremises/Database/Migrations/2026_01_02_000007_create_pm_property_checklists_table.php | donor:13_HOST_INTEGRATION_REFERENCES/MagicAI_WorkCore_Selected/app/Domains/WorkCore/Database/Migrations/2026_07_23_120066_create_pm_property_checklists_table.php | host:app/Domains/WorkCore/Database/Migrations/2026_07_23_120066_create_pm_property_checklists_table.php
pm_property_contacts,3,3,yes,09_PROPERTY_JOBS_AND_DISPATCH/ManagedPremises | 13_HOST_INTEGRATION_REFERENCES/MagicAI_WorkCore_Selected | MagicAI + WorkCore host,donor:09_PROPERTY_JOBS_AND_DISPATCH/Modules_for_Titan_BOS/ManagedPremises/ManagedPremises/Database/Migrations/2026_01_02_000003_create_pm_property_contacts_table.php | donor:13_HOST_INTEGRATION_REFERENCES/MagicAI_WorkCore_Selected/app/Domains/WorkCore/Database/Migrations/2026_07_23_120062_create_pm_property_contacts_table.php | host:app/Domains/WorkCore/Database/Migrations/2026_07_23_120062_create_pm_property_contacts_table.php
pm_property_documents,3,3,yes,09_PROPERTY_JOBS_AND_DISPATCH/ManagedPremises | 13_HOST_INTEGRATION_REFERENCES/MagicAI_WorkCore_Selected | MagicAI + WorkCore host,donor:09_PROPERTY_JOBS_AND_DISPATCH/Modules_for_Titan_BOS/ManagedPremises/ManagedPremises/Database/Migrations/2026_01_02_000104_create_pm_property_documents_table.php | donor:13_HOST_INTEGRATION_REFERENCES/MagicAI_WorkCore_Selected/app/Domains/WorkCore/Database/Migrations/2026_07_23_120076_create_pm_property_documents_table.php | host:app/Domains/WorkCore/Database/Migrations/2026_07_23_120076_create_pm_property_documents_table.php
pm_property_hazards,3,3,yes,09_PROPERTY_JOBS_AND_DISPATCH/ManagedPremises | 13_HOST_INTEGRATION_REFERENCES/MagicAI_WorkCore_Selected | MagicAI + WorkCore host,donor:09_PROPERTY_JOBS_AND_DISPATCH/Modules_for_Titan_BOS/ManagedPremises/ManagedPremises/Database/Migrations/2026_01_02_000011_create_pm_property_hazards_table.php | donor:13_HOST_INTEGRATION_REFERENCES/MagicAI_WorkCore_Selected/app/Domains/WorkCore/Database/Migrations/2026_07_23_120070_create_pm_property_hazards_table.php | host:app/Domains/WorkCore/Database/Migrations/2026_07_23_120070_create_pm_property_hazards_table.php
pm_property_inspections,3,3,yes,09_PROPERTY_JOBS_AND_DISPATCH/ManagedPremises | 13_HOST_INTEGRATION_REFERENCES/MagicAI_WorkCore_Selected | MagicAI + WorkCore host,donor:09_PROPERTY_JOBS_AND_DISPATCH/Modules_for_Titan_BOS/ManagedPremises/ManagedPremises/Database/Migrations/2026_01_02_000103_create_pm_property_inspections_table.php | donor:13_HOST_INTEGRATION_REFERENCES/MagicAI_WorkCore_Selected/app/Domains/WorkCore/Database/Migrations/2026_07_23_120075_create_pm_property_inspections_table.php | host:app/Domains/WorkCore/Database/Migrations/2026_07_23_120075_create_pm_property_inspections_table.php
pm_property_jobs,3,3,yes,09_PROPERTY_JOBS_AND_DISPATCH/ManagedPremises | 13_HOST_INTEGRATION_REFERENCES/MagicAI_WorkCore_Selected | MagicAI + WorkCore host,donor:09_PROPERTY_JOBS_AND_DISPATCH/Modules_for_Titan_BOS/ManagedPremises/ManagedPremises/Database/Migrations/2026_01_02_000004_create_pm_property_jobs_table.php | donor:13_HOST_INTEGRATION_REFERENCES/MagicAI_WorkCore_Selected/app/Domains/WorkCore/Database/Migrations/2026_07_23_120063_create_pm_property_jobs_table.php | host:app/Domains/WorkCore/Database/Migrations/2026_07_23_120063_create_pm_property_jobs_table.php
pm_property_keys,3,3,yes,09_PROPERTY_JOBS_AND_DISPATCH/ManagedPremises | 13_HOST_INTEGRATION_REFERENCES/MagicAI_WorkCore_Selected | MagicAI + WorkCore host,donor:09_PROPERTY_JOBS_AND_DISPATCH/Modules_for_Titan_BOS/ManagedPremises/ManagedPremises/Database/Migrations/2026_01_02_000005_create_pm_property_keys_table.php | donor:13_HOST_INTEGRATION_REFERENCES/MagicAI_WorkCore_Selected/app/Domains/WorkCore/Database/Migrations/2026_07_23_120064_create_pm_property_keys_table.php | host:app/Domains/WorkCore/Database/Migrations/2026_07_23_120064_create_pm_property_keys_table.php
pm_property_photos,3,3,yes,09_PROPERTY_JOBS_AND_DISPATCH/ManagedPremises | 13_HOST_INTEGRATION_REFERENCES/MagicAI_WorkCore_Selected | MagicAI + WorkCore host,donor:09_PROPERTY_JOBS_AND_DISPATCH/Modules_for_Titan_BOS/ManagedPremises/ManagedPremises/Database/Migrations/2026_01_02_000006_create_pm_property_photos_table.php | donor:13_HOST_INTEGRATION_REFERENCES/MagicAI_WorkCore_Selected/app/Domains/WorkCore/Database/Migrations/2026_07_23_120065_create_pm_property_photos_table.php | host:app/Domains/WorkCore/Database/Migrations/2026_07_23_120065_create_pm_property_photos_table.php
pm_property_rooms,3,3,yes,09_PROPERTY_JOBS_AND_DISPATCH/ManagedPremises | 13_HOST_INTEGRATION_REFERENCES/MagicAI_WorkCore_Selected | MagicAI + WorkCore host,donor:09_PROPERTY_JOBS_AND_DISPATCH/Modules_for_Titan_BOS/ManagedPremises/ManagedPremises/Database/Migrations/2026_01_02_000010_create_pm_property_rooms_table.php | donor:13_HOST_INTEGRATION_REFERENCES/MagicAI_WorkCore_Selected/app/Domains/WorkCore/Database/Migrations/2026_07_23_120069_create_pm_property_rooms_table.php | host:app/Domains/WorkCore/Database/Migrations/2026_07_23_120069_create_pm_property_rooms_table.php
pm_property_service_plans,3,3,yes,09_PROPERTY_JOBS_AND_DISPATCH/ManagedPremises | 13_HOST_INTEGRATION_REFERENCES/MagicAI_WorkCore_Selected | MagicAI + WorkCore host,donor:09_PROPERTY_JOBS_AND_DISPATCH/Modules_for_Titan_BOS/ManagedPremises/ManagedPremises/Database/Migrations/2026_01_02_000101_create_pm_property_service_plans_table.php | donor:13_HOST_INTEGRATION_REFERENCES/MagicAI_WorkCore_Selected/app/Domains/WorkCore/Database/Migrations/2026_07_23_120073_create_pm_property_service_plans_table.php | host:app/Domains/WorkCore/Database/Migrations/2026_07_23_120073_create_pm_property_service_plans_table.php
pm_property_service_windows,3,3,yes,09_PROPERTY_JOBS_AND_DISPATCH/ManagedPremises | 13_HOST_INTEGRATION_REFERENCES/MagicAI_WorkCore_Selected | MagicAI + WorkCore host,donor:09_PROPERTY_JOBS_AND_DISPATCH/Modules_for_Titan_BOS/ManagedPremises/ManagedPremises/Database/Migrations/2026_01_02_000012_create_pm_property_service_windows_table.php | donor:13_HOST_INTEGRATION_REFERENCES/MagicAI_WorkCore_Selected/app/Domains/WorkCore/Database/Migrations/2026_07_23_120071_create_pm_property_service_windows_table.php | host:app/Domains/WorkCore/Database/Migrations/2026_07_23_120071_create_pm_property_service_windows_table.php
pm_property_tags,3,3,yes,09_PROPERTY_JOBS_AND_DISPATCH/ManagedPremises | 13_HOST_INTEGRATION_REFERENCES/MagicAI_WorkCore_Selected | MagicAI + WorkCore host,donor:09_PROPERTY_JOBS_AND_DISPATCH/Modules_for_Titan_BOS/ManagedPremises/ManagedPremises/Database/Migrations/2026_01_02_000009_create_pm_property_tags_table.php | donor:13_HOST_INTEGRATION_REFERENCES/MagicAI_WorkCore_Selected/app/Domains/WorkCore/Database/Migrations/2026_07_23_120068_create_pm_property_tags_table.php | host:app/Domains/WorkCore/Database/Migrations/2026_07_23_120068_create_pm_property_tags_table.php
pm_property_units,3,3,yes,09_PROPERTY_JOBS_AND_DISPATCH/ManagedPremises | 13_HOST_INTEGRATION_REFERENCES/MagicAI_WorkCore_Selected | MagicAI + WorkCore host,donor:09_PROPERTY_JOBS_AND_DISPATCH/Modules_for_Titan_BOS/ManagedPremises/ManagedPremises/Database/Migrations/2026_01_02_000002_create_pm_property_units_table.php | donor:13_HOST_INTEGRATION_REFERENCES/MagicAI_WorkCore_Selected/app/Domains/WorkCore/Database/Migrations/2026_07_23_120061_create_pm_property_units_table.php | host:app/Domains/WorkCore/Database/Migrations/2026_07_23_120061_create_pm_property_units_table.php
pm_property_visits,3,3,yes,09_PROPERTY_JOBS_AND_DISPATCH/ManagedPremises | 13_HOST_INTEGRATION_REFERENCES/MagicAI_WorkCore_Selected | MagicAI + WorkCore host,donor:09_PROPERTY_JOBS_AND_DISPATCH/Modules_for_Titan_BOS/ManagedPremises/ManagedPremises/Database/Migrations/2026_01_02_000102_create_pm_property_visits_table.php | donor:13_HOST_INTEGRATION_REFERENCES/MagicAI_WorkCore_Selected/app/Domains/WorkCore/Database/Migrations/2026_07_23_120074_create_pm_property_visits_table.php | host:app/Domains/WorkCore/Database/Migrations/2026_07_23_120074_create_pm_property_visits_table.php
pm_settings,3,3,yes,09_PROPERTY_JOBS_AND_DISPATCH/ManagedPremises | 13_HOST_INTEGRATION_REFERENCES/MagicAI_WorkCore_Selected | MagicAI + WorkCore host,donor:09_PROPERTY_JOBS_AND_DISPATCH/Modules_for_Titan_BOS/ManagedPremises/ManagedPremises/Database/Migrations/2026_01_02_000008_create_pm_settings_table.php | donor:13_HOST_INTEGRATION_REFERENCES/MagicAI_WorkCore_Selected/app/Domains/WorkCore/Database/Migrations/2026_07_23_120067_create_pm_settings_table.php | host:app/Domains/WorkCore/Database/Migrations/2026_07_23_120067_create_pm_settings_table.php
project_files,2,1,no,09_PROPERTY_JOBS_AND_DISPATCH/CleaningJobs,donor:09_PROPERTY_JOBS_AND_DISPATCH/Modules_for_Titan_BOS/CleaningJobs/CleaningJobs/Database/Migrations/2022_07_19_060243_create_project_files_table.php | donor:09_PROPERTY_JOBS_AND_DISPATCH/Modules_for_Titan_BOS/CleaningJobs/CleaningJobs/Database/migrations/2022_07_19_060243_create_project_files_table.php
project_members,2,1,no,09_PROPERTY_JOBS_AND_DISPATCH/CleaningJobs,donor:09_PROPERTY_JOBS_AND_DISPATCH/Modules_for_Titan_BOS/CleaningJobs/CleaningJobs/Database/Migrations/2025_01_01_100002_create_project_members_table.php | donor:09_PROPERTY_JOBS_AND_DISPATCH/Modules_for_Titan_BOS/CleaningJobs/CleaningJobs/Database/migrations/2025_01_01_100002_create_project_members_table.php
project_statuses,2,1,no,09_PROPERTY_JOBS_AND_DISPATCH/CleaningJobs,donor:09_PROPERTY_JOBS_AND_DISPATCH/Modules_for_Titan_BOS/CleaningJobs/CleaningJobs/Database/Migrations/2025_01_01_100001_create_project_statuses_table.php | donor:09_PROPERTY_JOBS_AND_DISPATCH/Modules_for_Titan_BOS/CleaningJobs/CleaningJobs/Database/migrations/2025_01_01_100001_create_project_statuses_table.php
projects,4,1,no,09_PROPERTY_JOBS_AND_DISPATCH/CleaningJobs,donor:09_PROPERTY_JOBS_AND_DISPATCH/Modules_for_Titan_BOS/CleaningJobs/CleaningJobs/Database/Migrations/2022_06_21_104337_create_projects_table.php | donor:09_PROPERTY_JOBS_AND_DISPATCH/Modules_for_Titan_BOS/CleaningJobs/CleaningJobs/Database/Migrations/2025_01_01_100000_create_projects_table.php | donor:09_PROPERTY_JOBS_AND_DISPATCH/Modules_for_Titan_BOS/CleaningJobs/CleaningJobs/Database/migrations/2022_06_21_104337_create_projects_table.php | donor:09_PROPERTY_JOBS_AND_DISPATCH/Modules_for_Titan_BOS/CleaningJobs/CleaningJobs/Database/migrations/2025_01_01_100000_create_projects_table.php
qc_record_items,2,2,no,07_COMPLIANCE_ASSESSMENT_AND_QUALITY/CleanQuality | 07_COMPLIANCE_ASSESSMENT_AND_QUALITY/QualityControl,donor:07_COMPLIANCE_ASSESSMENT_AND_QUALITY/Modules_for_Titan_BOS/CleanQuality/CleanQuality/Database/Migrations/2026_04_10_600003_create_qc_record_items_table.php | donor:07_COMPLIANCE_ASSESSMENT_AND_QUALITY/Modules_for_Titan_BOS/QualityControl/QualityControl/Database/Migrations/2026_04_10_600003_create_qc_record_items_table.php
qc_records,2,2,no,07_COMPLIANCE_ASSESSMENT_AND_QUALITY/CleanQuality | 07_COMPLIANCE_ASSESSMENT_AND_QUALITY/QualityControl,donor:07_COMPLIANCE_ASSESSMENT_AND_QUALITY/Modules_for_Titan_BOS/CleanQuality/CleanQuality/Database/Migrations/2026_04_10_600002_create_qc_records_table.php | donor:07_COMPLIANCE_ASSESSMENT_AND_QUALITY/Modules_for_Titan_BOS/QualityControl/QualityControl/Database/Migrations/2026_04_10_600002_create_qc_records_table.php
resource_allocations,2,1,no,09_PROPERTY_JOBS_AND_DISPATCH/CleaningJobs,donor:09_PROPERTY_JOBS_AND_DISPATCH/Modules_for_Titan_BOS/CleaningJobs/CleaningJobs/Database/Migrations/2025_07_24_create_resource_allocations_table.php | donor:09_PROPERTY_JOBS_AND_DISPATCH/Modules_for_Titan_BOS/CleaningJobs/CleaningJobs/Database/migrations/2025_07_24_create_resource_allocations_table.php
resource_capacities,2,1,no,09_PROPERTY_JOBS_AND_DISPATCH/CleaningJobs,donor:09_PROPERTY_JOBS_AND_DISPATCH/Modules_for_Titan_BOS/CleaningJobs/CleaningJobs/Database/Migrations/2025_07_24_create_resource_allocations_table.php | donor:09_PROPERTY_JOBS_AND_DISPATCH/Modules_for_Titan_BOS/CleaningJobs/CleaningJobs/Database/migrations/2025_07_24_create_resource_allocations_table.php
service_parts,2,1,no,09_PROPERTY_JOBS_AND_DISPATCH/CleaningJobs,donor:09_PROPERTY_JOBS_AND_DISPATCH/Modules_for_Titan_BOS/CleaningJobs/CleaningJobs/Database/Migrations/2024_03_23_092920_create_service_parts_table.php | donor:09_PROPERTY_JOBS_AND_DISPATCH/Modules_for_Titan_BOS/CleaningJobs/CleaningJobs/Database/migrations/2024_03_23_092920_create_service_parts_table.php
service_tasks,2,1,no,09_PROPERTY_JOBS_AND_DISPATCH/CleaningJobs,donor:09_PROPERTY_JOBS_AND_DISPATCH/Modules_for_Titan_BOS/CleaningJobs/CleaningJobs/Database/Migrations/2024_03_23_092943_create_service_tasks_table.php | donor:09_PROPERTY_JOBS_AND_DISPATCH/Modules_for_Titan_BOS/CleaningJobs/CleaningJobs/Database/migrations/2024_03_23_092943_create_service_tasks_table.php
settings,2,2,yes,MagicAI + WorkCore host | Titan Train v0.7.0,donor:01_TITAN_TRAIN_CANONICAL_CORE/Titan_Train_v0.7.0/database/migrations/2025_11_24_083018_create_settings_table.php | host:database/migrations/2023_03_01_113611_create_settings_table.php
shifts,3,2,no,06_WORKFORCE_AND_ONBOARDING/HRCore | 09_PROPERTY_JOBS_AND_DISPATCH/Dispatch,donor:06_WORKFORCE_AND_ONBOARDING/Modules_for_Titan_BOS/HRCore/HRCore/Database/Migrations/2024_09_28_105032_create_shifts.php | donor:06_WORKFORCE_AND_ONBOARDING/Modules_for_Titan_BOS/HRCore/HRCore/database/migrations/2024_09_28_105032_create_shifts.php | donor:09_PROPERTY_JOBS_AND_DISPATCH/Modules_for_Titan_BOS/Dispatch/Dispatch/Database/Migrations/2026_05_13_000200_create_dispatch_shifts_tables.php
skills,2,2,no,04_AI_AUTHORING_STUDIO/ai-chat-pro-skills | Titan Zero Chatbot PWA,donor:04_AI_AUTHORING_STUDIO/AI_System_Extensions/ai-chat-pro-skills/database\migrations\2026_03_23_000001_create_skills_table.php | donor:03_LEARNER_PWA_AND_CHANNELS/Titan_Zero_Chatbot_PWA/System/TitanAI/skills/database/migrations/2026_03_23_000001_create_skills_table.php
stages,2,1,no,09_PROPERTY_JOBS_AND_DISPATCH/CleaningJobs,donor:09_PROPERTY_JOBS_AND_DISPATCH/Modules_for_Titan_BOS/CleaningJobs/CleaningJobs/Database/Migrations/2020_03_23_153638_create_stages_table.php | donor:09_PROPERTY_JOBS_AND_DISPATCH/Modules_for_Titan_BOS/CleaningJobs/CleaningJobs/Database/migrations/2020_03_23_153638_create_stages_table.php
sub_tasks,2,1,no,09_PROPERTY_JOBS_AND_DISPATCH/CleaningJobs,donor:09_PROPERTY_JOBS_AND_DISPATCH/Modules_for_Titan_BOS/CleaningJobs/CleaningJobs/Database/Migrations/2019_10_14_233948_create_sub_tasks_table.php | donor:09_PROPERTY_JOBS_AND_DISPATCH/Modules_for_Titan_BOS/CleaningJobs/CleaningJobs/Database/migrations/2019_10_14_233948_create_sub_tasks_table.php
task_files,2,1,no,09_PROPERTY_JOBS_AND_DISPATCH/CleaningJobs,donor:09_PROPERTY_JOBS_AND_DISPATCH/Modules_for_Titan_BOS/CleaningJobs/CleaningJobs/Database/Migrations/2019_05_15_054812_create_task_files_table.php | donor:09_PROPERTY_JOBS_AND_DISPATCH/Modules_for_Titan_BOS/CleaningJobs/CleaningJobs/Database/migrations/2019_05_15_054812_create_task_files_table.php
tasks,2,1,no,09_PROPERTY_JOBS_AND_DISPATCH/CleaningJobs,donor:09_PROPERTY_JOBS_AND_DISPATCH/Modules_for_Titan_BOS/CleaningJobs/CleaningJobs/Database/Migrations/2019_05_13_061456_create_tasks_table.php | donor:09_PROPERTY_JOBS_AND_DISPATCH/Modules_for_Titan_BOS/CleaningJobs/CleaningJobs/Database/migrations/2019_05_13_061456_create_tasks_table.php
team_members,2,2,yes,13_HOST_INTEGRATION_REFERENCES/MagicAI_WorkCore_Selected | MagicAI + WorkCore host,donor:13_HOST_INTEGRATION_REFERENCES/MagicAI_WorkCore_Selected/database/migrations/2024_01_29_143721_create_team_members_table.php | host:database/migrations/2024_01_29_143721_create_team_members_table.php
teams,4,3,yes,06_WORKFORCE_AND_ONBOARDING/HRCore | 13_HOST_INTEGRATION_REFERENCES/MagicAI_WorkCore_Selected | MagicAI + WorkCore host,donor:06_WORKFORCE_AND_ONBOARDING/Modules_for_Titan_BOS/HRCore/HRCore/Database/Migrations/2024_10_09_160850_create_teams.php | donor:06_WORKFORCE_AND_ONBOARDING/Modules_for_Titan_BOS/HRCore/HRCore/database/migrations/2024_10_09_160850_create_teams.php | donor:13_HOST_INTEGRATION_REFERENCES/MagicAI_WorkCore_Selected/database/migrations/2024_01_29_143656_create_teams_table.php | host:database/migrations/2024_01_29_143656_create_teams_table.php
timesheets,2,1,no,09_PROPERTY_JOBS_AND_DISPATCH/CleaningJobs,donor:09_PROPERTY_JOBS_AND_DISPATCH/Modules_for_Titan_BOS/CleaningJobs/CleaningJobs/Database/Migrations/2025_07_16_235452_create_timesheets_table.php | donor:09_PROPERTY_JOBS_AND_DISPATCH/Modules_for_Titan_BOS/CleaningJobs/CleaningJobs/Database/migrations/2025_07_16_235452_create_timesheets_table.php
tm_accountant_exports,2,2,yes,13_HOST_INTEGRATION_REFERENCES/MagicAI_WorkCore_Selected | MagicAI + WorkCore host,donor:13_HOST_INTEGRATION_REFERENCES/MagicAI_WorkCore_Selected/app/Domains/WorkCore/Database/Migrations/2026_07_23_120047_create_tm_reconciliation_forecasting_and_export_tables.php | host:app/Domains/WorkCore/Database/Migrations/2026_07_23_120047_create_tm_reconciliation_forecasting_and_export_tables.php
tm_accounting_periods,2,2,yes,13_HOST_INTEGRATION_REFERENCES/MagicAI_WorkCore_Selected | MagicAI + WorkCore host,donor:13_HOST_INTEGRATION_REFERENCES/MagicAI_WorkCore_Selected/app/Domains/WorkCore/Database/Migrations/2026_07_23_120046_create_tm_ledger_tax_and_period_tables.php | host:app/Domains/WorkCore/Database/Migrations/2026_07_23_120046_create_tm_ledger_tax_and_period_tables.php
tm_accounts,2,2,yes,13_HOST_INTEGRATION_REFERENCES/MagicAI_WorkCore_Selected | MagicAI + WorkCore host,donor:13_HOST_INTEGRATION_REFERENCES/MagicAI_WorkCore_Selected/app/Domains/WorkCore/Database/Migrations/2026_07_23_120046_create_tm_ledger_tax_and_period_tables.php | host:app/Domains/WorkCore/Database/Migrations/2026_07_23_120046_create_tm_ledger_tax_and_period_tables.php
tm_action_attempts,2,2,yes,13_HOST_INTEGRATION_REFERENCES/MagicAI_WorkCore_Selected | MagicAI + WorkCore host,donor:13_HOST_INTEGRATION_REFERENCES/MagicAI_WorkCore_Selected/app/Domains/WorkCore/Database/Migrations/2026_07_23_120048_create_tm_autonomous_money_management_tables.php | host:app/Domains/WorkCore/Database/Migrations/2026_07_23_120048_create_tm_autonomous_money_management_tables.php
tm_audit_events,2,2,yes,13_HOST_INTEGRATION_REFERENCES/MagicAI_WorkCore_Selected | MagicAI + WorkCore host,donor:13_HOST_INTEGRATION_REFERENCES/MagicAI_WorkCore_Selected/app/Domains/WorkCore/Database/Migrations/2026_07_23_120049_create_tm_runtime_audit_and_inbox_tables.php | host:app/Domains/WorkCore/Database/Migrations/2026_07_23_120049_create_tm_runtime_audit_and_inbox_tables.php
tm_automation_policies,2,2,yes,13_HOST_INTEGRATION_REFERENCES/MagicAI_WorkCore_Selected | MagicAI + WorkCore host,donor:13_HOST_INTEGRATION_REFERENCES/MagicAI_WorkCore_Selected/app/Domains/WorkCore/Database/Migrations/2026_07_23_120048_create_tm_autonomous_money_management_tables.php | host:app/Domains/WorkCore/Database/Migrations/2026_07_23_120048_create_tm_autonomous_money_management_tables.php
tm_bank_accounts,2,2,yes,13_HOST_INTEGRATION_REFERENCES/MagicAI_WorkCore_Selected | MagicAI + WorkCore host,donor:13_HOST_INTEGRATION_REFERENCES/MagicAI_WorkCore_Selected/app/Domains/WorkCore/Database/Migrations/2026_07_23_120047_create_tm_reconciliation_forecasting_and_export_tables.php | host:app/Domains/WorkCore/Database/Migrations/2026_07_23_120047_create_tm_reconciliation_forecasting_and_export_tables.php
tm_bank_imports,2,2,yes,13_HOST_INTEGRATION_REFERENCES/MagicAI_WorkCore_Selected | MagicAI + WorkCore host,donor:13_HOST_INTEGRATION_REFERENCES/MagicAI_WorkCore_Selected/app/Domains/WorkCore/Database/Migrations/2026_07_23_120051_create_tm_integration_runtime_tables.php | host:app/Domains/WorkCore/Database/Migrations/2026_07_23_120051_create_tm_integration_runtime_tables.php
tm_bank_transactions,2,2,yes,13_HOST_INTEGRATION_REFERENCES/MagicAI_WorkCore_Selected | MagicAI + WorkCore host,donor:13_HOST_INTEGRATION_REFERENCES/MagicAI_WorkCore_Selected/app/Domains/WorkCore/Database/Migrations/2026_07_23_120047_create_tm_reconciliation_forecasting_and_export_tables.php | host:app/Domains/WorkCore/Database/Migrations/2026_07_23_120047_create_tm_reconciliation_forecasting_and_export_tables.php
tm_budget_actuals,2,2,yes,13_HOST_INTEGRATION_REFERENCES/MagicAI_WorkCore_Selected | MagicAI + WorkCore host,donor:13_HOST_INTEGRATION_REFERENCES/MagicAI_WorkCore_Selected/app/Domains/WorkCore/Database/Migrations/2026_07_23_120052_create_tm_missing_money_domains_tables.php | host:app/Domains/WorkCore/Database/Migrations/2026_07_23_120052_create_tm_missing_money_domains_tables.php
tm_budget_approval_thresholds,2,2,yes,13_HOST_INTEGRATION_REFERENCES/MagicAI_WorkCore_Selected | MagicAI + WorkCore host,donor:13_HOST_INTEGRATION_REFERENCES/MagicAI_WorkCore_Selected/app/Domains/WorkCore/Database/Migrations/2026_07_23_120052_create_tm_missing_money_domains_tables.php | host:app/Domains/WorkCore/Database/Migrations/2026_07_23_120052_create_tm_missing_money_domains_tables.php
tm_budget_forecast_scenarios,2,2,yes,13_HOST_INTEGRATION_REFERENCES/MagicAI_WorkCore_Selected | MagicAI + WorkCore host,donor:13_HOST_INTEGRATION_REFERENCES/MagicAI_WorkCore_Selected/app/Domains/WorkCore/Database/Migrations/2026_07_23_120052_create_tm_missing_money_domains_tables.php | host:app/Domains/WorkCore/Database/Migrations/2026_07_23_120052_create_tm_missing_money_domains_tables.php
tm_budget_lines,2,2,yes,13_HOST_INTEGRATION_REFERENCES/MagicAI_WorkCore_Selected | MagicAI + WorkCore host,donor:13_HOST_INTEGRATION_REFERENCES/MagicAI_WorkCore_Selected/app/Domains/WorkCore/Database/Migrations/2026_07_23_120052_create_tm_missing_money_domains_tables.php | host:app/Domains/WorkCore/Database/Migrations/2026_07_23_120052_create_tm_missing_money_domains_tables.php
tm_budget_variances,2,2,yes,13_HOST_INTEGRATION_REFERENCES/MagicAI_WorkCore_Selected | MagicAI + WorkCore host,donor:13_HOST_INTEGRATION_REFERENCES/MagicAI_WorkCore_Selected/app/Domains/WorkCore/Database/Migrations/2026_07_23_120052_create_tm_missing_money_domains_tables.php | host:app/Domains/WorkCore/Database/Migrations/2026_07_23_120052_create_tm_missing_money_domains_tables.php
tm_budgets,2,2,yes,13_HOST_INTEGRATION_REFERENCES/MagicAI_WorkCore_Selected | MagicAI + WorkCore host,donor:13_HOST_INTEGRATION_REFERENCES/MagicAI_WorkCore_Selected/app/Domains/WorkCore/Database/Migrations/2026_07_23_120052_create_tm_missing_money_domains_tables.php | host:app/Domains/WorkCore/Database/Migrations/2026_07_23_120052_create_tm_missing_money_domains_tables.php
tm_collection_controls,2,2,yes,13_HOST_INTEGRATION_REFERENCES/MagicAI_WorkCore_Selected | MagicAI + WorkCore host,donor:13_HOST_INTEGRATION_REFERENCES/MagicAI_WorkCore_Selected/app/Domains/WorkCore/Database/Migrations/2026_07_23_120050_create_tm_collections_and_payment_runtime_tables.php | host:app/Domains/WorkCore/Database/Migrations/2026_07_23_120050_create_tm_collections_and_payment_runtime_tables.php
tm_collection_messages,2,2,yes,13_HOST_INTEGRATION_REFERENCES/MagicAI_WorkCore_Selected | MagicAI + WorkCore host,donor:13_HOST_INTEGRATION_REFERENCES/MagicAI_WorkCore_Selected/app/Domains/WorkCore/Database/Migrations/2026_07_23_120050_create_tm_collections_and_payment_runtime_tables.php | host:app/Domains/WorkCore/Database/Migrations/2026_07_23_120050_create_tm_collections_and_payment_runtime_tables.php
tm_collection_sequence_steps,2,2,yes,13_HOST_INTEGRATION_REFERENCES/MagicAI_WorkCore_Selected | MagicAI + WorkCore host,donor:13_HOST_INTEGRATION_REFERENCES/MagicAI_WorkCore_Selected/app/Domains/WorkCore/Database/Migrations/2026_07_23_120048_create_tm_autonomous_money_management_tables.php | host:app/Domains/WorkCore/Database/Migrations/2026_07_23_120048_create_tm_autonomous_money_management_tables.php
tm_collection_sequences,2,2,yes,13_HOST_INTEGRATION_REFERENCES/MagicAI_WorkCore_Selected | MagicAI + WorkCore host,donor:13_HOST_INTEGRATION_REFERENCES/MagicAI_WorkCore_Selected/app/Domains/WorkCore/Database/Migrations/2026_07_23_120048_create_tm_autonomous_money_management_tables.php | host:app/Domains/WorkCore/Database/Migrations/2026_07_23_120048_create_tm_autonomous_money_management_tables.php
tm_credit_notes,2,2,yes,13_HOST_INTEGRATION_REFERENCES/MagicAI_WorkCore_Selected | MagicAI + WorkCore host,donor:13_HOST_INTEGRATION_REFERENCES/MagicAI_WorkCore_Selected/app/Domains/WorkCore/Database/Migrations/2026_07_23_120045_create_tm_payments_expenses_and_payables_tables.php | host:app/Domains/WorkCore/Database/Migrations/2026_07_23_120045_create_tm_payments_expenses_and_payables_tables.php
tm_customer_statements,2,2,yes,13_HOST_INTEGRATION_REFERENCES/MagicAI_WorkCore_Selected | MagicAI + WorkCore host,donor:13_HOST_INTEGRATION_REFERENCES/MagicAI_WorkCore_Selected/app/Domains/WorkCore/Database/Migrations/2026_07_23_120044_create_tm_commercial_documents_tables.php | host:app/Domains/WorkCore/Database/Migrations/2026_07_23_120044_create_tm_commercial_documents_tables.php
tm_document_snapshots,2,2,yes,13_HOST_INTEGRATION_REFERENCES/MagicAI_WorkCore_Selected | MagicAI + WorkCore host,donor:13_HOST_INTEGRATION_REFERENCES/MagicAI_WorkCore_Selected/app/Domains/WorkCore/Database/Migrations/2026_07_23_120043_create_tm_document_snapshots_table.php | host:app/Domains/WorkCore/Database/Migrations/2026_07_23_120043_create_tm_document_snapshots_table.php
tm_einvoice_events,2,2,yes,13_HOST_INTEGRATION_REFERENCES/MagicAI_WorkCore_Selected | MagicAI + WorkCore host,donor:13_HOST_INTEGRATION_REFERENCES/MagicAI_WorkCore_Selected/app/Domains/WorkCore/Database/Migrations/2026_07_23_120052_create_tm_missing_money_domains_tables.php | host:app/Domains/WorkCore/Database/Migrations/2026_07_23_120052_create_tm_missing_money_domains_tables.php
tm_einvoice_profiles,2,2,yes,13_HOST_INTEGRATION_REFERENCES/MagicAI_WorkCore_Selected | MagicAI + WorkCore host,donor:13_HOST_INTEGRATION_REFERENCES/MagicAI_WorkCore_Selected/app/Domains/WorkCore/Database/Migrations/2026_07_23_120052_create_tm_missing_money_domains_tables.php | host:app/Domains/WorkCore/Database/Migrations/2026_07_23_120052_create_tm_missing_money_domains_tables.php
tm_einvoice_transmissions,2,2,yes,13_HOST_INTEGRATION_REFERENCES/MagicAI_WorkCore_Selected | MagicAI + WorkCore host,donor:13_HOST_INTEGRATION_REFERENCES/MagicAI_WorkCore_Selected/app/Domains/WorkCore/Database/Migrations/2026_07_23_120052_create_tm_missing_money_domains_tables.php | host:app/Domains/WorkCore/Database/Migrations/2026_07_23_120052_create_tm_missing_money_domains_tables.php
tm_estimate_lines,2,2,yes,13_HOST_INTEGRATION_REFERENCES/MagicAI_WorkCore_Selected | MagicAI + WorkCore host,donor:13_HOST_INTEGRATION_REFERENCES/MagicAI_WorkCore_Selected/app/Domains/WorkCore/Database/Migrations/2026_07_23_120044_create_tm_commercial_documents_tables.php | host:app/Domains/WorkCore/Database/Migrations/2026_07_23_120044_create_tm_commercial_documents_tables.php
tm_estimate_versions,2,2,yes,13_HOST_INTEGRATION_REFERENCES/MagicAI_WorkCore_Selected | MagicAI + WorkCore host,donor:13_HOST_INTEGRATION_REFERENCES/MagicAI_WorkCore_Selected/app/Domains/WorkCore/Database/Migrations/2026_07_23_120044_create_tm_commercial_documents_tables.php | host:app/Domains/WorkCore/Database/Migrations/2026_07_23_120044_create_tm_commercial_documents_tables.php
tm_estimates,2,2,yes,13_HOST_INTEGRATION_REFERENCES/MagicAI_WorkCore_Selected | MagicAI + WorkCore host,donor:13_HOST_INTEGRATION_REFERENCES/MagicAI_WorkCore_Selected/app/Domains/WorkCore/Database/Migrations/2026_07_23_120044_create_tm_commercial_documents_tables.php | host:app/Domains/WorkCore/Database/Migrations/2026_07_23_120044_create_tm_commercial_documents_tables.php
tm_expense_attachments,2,2,yes,13_HOST_INTEGRATION_REFERENCES/MagicAI_WorkCore_Selected | MagicAI + WorkCore host,donor:13_HOST_INTEGRATION_REFERENCES/MagicAI_WorkCore_Selected/app/Domains/WorkCore/Database/Migrations/2026_07_23_120045_create_tm_payments_expenses_and_payables_tables.php | host:app/Domains/WorkCore/Database/Migrations/2026_07_23_120045_create_tm_payments_expenses_and_payables_tables.php
tm_expense_claim_receipts,2,2,yes,13_HOST_INTEGRATION_REFERENCES/MagicAI_WorkCore_Selected | MagicAI + WorkCore host,donor:13_HOST_INTEGRATION_REFERENCES/MagicAI_WorkCore_Selected/app/Domains/WorkCore/Database/Migrations/2026_07_23_120052_create_tm_missing_money_domains_tables.php | host:app/Domains/WorkCore/Database/Migrations/2026_07_23_120052_create_tm_missing_money_domains_tables.php
tm_expense_claims,2,2,yes,13_HOST_INTEGRATION_REFERENCES/MagicAI_WorkCore_Selected | MagicAI + WorkCore host,donor:13_HOST_INTEGRATION_REFERENCES/MagicAI_WorkCore_Selected/app/Domains/WorkCore/Database/Migrations/2026_07_23_120052_create_tm_missing_money_domains_tables.php | host:app/Domains/WorkCore/Database/Migrations/2026_07_23_120052_create_tm_missing_money_domains_tables.php
tm_expenses,2,2,yes,13_HOST_INTEGRATION_REFERENCES/MagicAI_WorkCore_Selected | MagicAI + WorkCore host,donor:13_HOST_INTEGRATION_REFERENCES/MagicAI_WorkCore_Selected/app/Domains/WorkCore/Database/Migrations/2026_07_23_120045_create_tm_payments_expenses_and_payables_tables.php | host:app/Domains/WorkCore/Database/Migrations/2026_07_23_120045_create_tm_payments_expenses_and_payables_tables.php
tm_external_event_inbox,2,2,yes,13_HOST_INTEGRATION_REFERENCES/MagicAI_WorkCore_Selected | MagicAI + WorkCore host,donor:13_HOST_INTEGRATION_REFERENCES/MagicAI_WorkCore_Selected/app/Domains/WorkCore/Database/Migrations/2026_07_23_120049_create_tm_runtime_audit_and_inbox_tables.php | host:app/Domains/WorkCore/Database/Migrations/2026_07_23_120049_create_tm_runtime_audit_and_inbox_tables.php
tm_financial_exceptions,2,2,yes,13_HOST_INTEGRATION_REFERENCES/MagicAI_WorkCore_Selected | MagicAI + WorkCore host,donor:13_HOST_INTEGRATION_REFERENCES/MagicAI_WorkCore_Selected/app/Domains/WorkCore/Database/Migrations/2026_07_23_120048_create_tm_autonomous_money_management_tables.php | host:app/Domains/WorkCore/Database/Migrations/2026_07_23_120048_create_tm_autonomous_money_management_tables.php
tm_financial_settings,2,2,yes,13_HOST_INTEGRATION_REFERENCES/MagicAI_WorkCore_Selected | MagicAI + WorkCore host,donor:13_HOST_INTEGRATION_REFERENCES/MagicAI_WorkCore_Selected/app/Domains/WorkCore/Database/Migrations/2026_07_23_120039_create_tm_financial_settings_table.php | host:app/Domains/WorkCore/Database/Migrations/2026_07_23_120039_create_tm_financial_settings_table.php
tm_forecast_scenarios,2,2,yes,13_HOST_INTEGRATION_REFERENCES/MagicAI_WorkCore_Selected | MagicAI + WorkCore host,donor:13_HOST_INTEGRATION_REFERENCES/MagicAI_WorkCore_Selected/app/Domains/WorkCore/Database/Migrations/2026_07_23_120047_create_tm_reconciliation_forecasting_and_export_tables.php | host:app/Domains/WorkCore/Database/Migrations/2026_07_23_120047_create_tm_reconciliation_forecasting_and_export_tables.php
tm_idempotency_keys,2,2,yes,13_HOST_INTEGRATION_REFERENCES/MagicAI_WorkCore_Selected | MagicAI + WorkCore host,donor:13_HOST_INTEGRATION_REFERENCES/MagicAI_WorkCore_Selected/app/Domains/WorkCore/Database/Migrations/2026_07_23_120042_create_tm_idempotency_keys_table.php | host:app/Domains/WorkCore/Database/Migrations/2026_07_23_120042_create_tm_idempotency_keys_table.php
tm_invoice_events,2,2,yes,13_HOST_INTEGRATION_REFERENCES/MagicAI_WorkCore_Selected | MagicAI + WorkCore host,donor:13_HOST_INTEGRATION_REFERENCES/MagicAI_WorkCore_Selected/app/Domains/WorkCore/Database/Migrations/2026_07_23_120044_create_tm_commercial_documents_tables.php | host:app/Domains/WorkCore/Database/Migrations/2026_07_23_120044_create_tm_commercial_documents_tables.php
tm_invoice_lines,2,2,yes,13_HOST_INTEGRATION_REFERENCES/MagicAI_WorkCore_Selected | MagicAI + WorkCore host,donor:13_HOST_INTEGRATION_REFERENCES/MagicAI_WorkCore_Selected/app/Domains/WorkCore/Database/Migrations/2026_07_23_120044_create_tm_commercial_documents_tables.php | host:app/Domains/WorkCore/Database/Migrations/2026_07_23_120044_create_tm_commercial_documents_tables.php
tm_invoices,2,2,yes,13_HOST_INTEGRATION_REFERENCES/MagicAI_WorkCore_Selected | MagicAI + WorkCore host,donor:13_HOST_INTEGRATION_REFERENCES/MagicAI_WorkCore_Selected/app/Domains/WorkCore/Database/Migrations/2026_07_23_120044_create_tm_commercial_documents_tables.php | host:app/Domains/WorkCore/Database/Migrations/2026_07_23_120044_create_tm_commercial_documents_tables.php
tm_job_profitability_snapshots,2,2,yes,13_HOST_INTEGRATION_REFERENCES/MagicAI_WorkCore_Selected | MagicAI + WorkCore host,donor:13_HOST_INTEGRATION_REFERENCES/MagicAI_WorkCore_Selected/app/Domains/WorkCore/Database/Migrations/2026_07_23_120047_create_tm_reconciliation_forecasting_and_export_tables.php | host:app/Domains/WorkCore/Database/Migrations/2026_07_23_120047_create_tm_reconciliation_forecasting_and_export_tables.php
tm_journal_entries,2,2,yes,13_HOST_INTEGRATION_REFERENCES/MagicAI_WorkCore_Selected | MagicAI + WorkCore host,donor:13_HOST_INTEGRATION_REFERENCES/MagicAI_WorkCore_Selected/app/Domains/WorkCore/Database/Migrations/2026_07_23_120046_create_tm_ledger_tax_and_period_tables.php | host:app/Domains/WorkCore/Database/Migrations/2026_07_23_120046_create_tm_ledger_tax_and_period_tables.php
tm_journal_lines,2,2,yes,13_HOST_INTEGRATION_REFERENCES/MagicAI_WorkCore_Selected | MagicAI + WorkCore host,donor:13_HOST_INTEGRATION_REFERENCES/MagicAI_WorkCore_Selected/app/Domains/WorkCore/Database/Migrations/2026_07_23_120046_create_tm_ledger_tax_and_period_tables.php | host:app/Domains/WorkCore/Database/Migrations/2026_07_23_120046_create_tm_ledger_tax_and_period_tables.php
tm_number_sequences,2,2,yes,13_HOST_INTEGRATION_REFERENCES/MagicAI_WorkCore_Selected | MagicAI + WorkCore host,donor:13_HOST_INTEGRATION_REFERENCES/MagicAI_WorkCore_Selected/app/Domains/WorkCore/Database/Migrations/2026_07_23_120041_create_tm_number_sequences_table.php | host:app/Domains/WorkCore/Database/Migrations/2026_07_23_120041_create_tm_number_sequences_table.php
tm_outbox_events,2,2,yes,13_HOST_INTEGRATION_REFERENCES/MagicAI_WorkCore_Selected | MagicAI + WorkCore host,donor:13_HOST_INTEGRATION_REFERENCES/MagicAI_WorkCore_Selected/app/Domains/WorkCore/Database/Migrations/2026_07_23_120048_create_tm_autonomous_money_management_tables.php | host:app/Domains/WorkCore/Database/Migrations/2026_07_23_120048_create_tm_autonomous_money_management_tables.php
tm_payment_allocations,2,2,yes,13_HOST_INTEGRATION_REFERENCES/MagicAI_WorkCore_Selected | MagicAI + WorkCore host,donor:13_HOST_INTEGRATION_REFERENCES/MagicAI_WorkCore_Selected/app/Domains/WorkCore/Database/Migrations/2026_07_23_120045_create_tm_payments_expenses_and_payables_tables.php | host:app/Domains/WorkCore/Database/Migrations/2026_07_23_120045_create_tm_payments_expenses_and_payables_tables.php
tm_payment_claims,2,2,yes,13_HOST_INTEGRATION_REFERENCES/MagicAI_WorkCore_Selected | MagicAI + WorkCore host,donor:13_HOST_INTEGRATION_REFERENCES/MagicAI_WorkCore_Selected/app/Domains/WorkCore/Database/Migrations/2026_07_23_120045_create_tm_payments_expenses_and_payables_tables.php | host:app/Domains/WorkCore/Database/Migrations/2026_07_23_120045_create_tm_payments_expenses_and_payables_tables.php
tm_payment_evidence,2,2,yes,13_HOST_INTEGRATION_REFERENCES/MagicAI_WorkCore_Selected | MagicAI + WorkCore host,donor:13_HOST_INTEGRATION_REFERENCES/MagicAI_WorkCore_Selected/app/Domains/WorkCore/Database/Migrations/2026_07_23_120045_create_tm_payments_expenses_and_payables_tables.php | host:app/Domains/WorkCore/Database/Migrations/2026_07_23_120045_create_tm_payments_expenses_and_payables_tables.php
tm_payment_instruction_deliveries,2,2,yes,13_HOST_INTEGRATION_REFERENCES/MagicAI_WorkCore_Selected | MagicAI + WorkCore host,donor:13_HOST_INTEGRATION_REFERENCES/MagicAI_WorkCore_Selected/app/Domains/WorkCore/Database/Migrations/2026_07_23_120048_create_tm_autonomous_money_management_tables.php | host:app/Domains/WorkCore/Database/Migrations/2026_07_23_120048_create_tm_autonomous_money_management_tables.php
tm_payment_match_candidates,2,2,yes,13_HOST_INTEGRATION_REFERENCES/MagicAI_WorkCore_Selected | MagicAI + WorkCore host,donor:13_HOST_INTEGRATION_REFERENCES/MagicAI_WorkCore_Selected/app/Domains/WorkCore/Database/Migrations/2026_07_23_120048_create_tm_autonomous_money_management_tables.php | host:app/Domains/WorkCore/Database/Migrations/2026_07_23_120048_create_tm_autonomous_money_management_tables.php
tm_payment_plans,2,2,yes,13_HOST_INTEGRATION_REFERENCES/MagicAI_WorkCore_Selected | MagicAI + WorkCore host,donor:13_HOST_INTEGRATION_REFERENCES/MagicAI_WorkCore_Selected/app/Domains/WorkCore/Database/Migrations/2026_07_23_120050_create_tm_collections_and_payment_runtime_tables.php | host:app/Domains/WorkCore/Database/Migrations/2026_07_23_120050_create_tm_collections_and_payment_runtime_tables.php
tm_payment_promises,2,2,yes,13_HOST_INTEGRATION_REFERENCES/MagicAI_WorkCore_Selected | MagicAI + WorkCore host,donor:13_HOST_INTEGRATION_REFERENCES/MagicAI_WorkCore_Selected/app/Domains/WorkCore/Database/Migrations/2026_07_23_120048_create_tm_autonomous_money_management_tables.php | host:app/Domains/WorkCore/Database/Migrations/2026_07_23_120048_create_tm_autonomous_money_management_tables.php
tm_payment_requests,2,2,yes,13_HOST_INTEGRATION_REFERENCES/MagicAI_WorkCore_Selected | MagicAI + WorkCore host,donor:13_HOST_INTEGRATION_REFERENCES/MagicAI_WorkCore_Selected/app/Domains/WorkCore/Database/Migrations/2026_07_23_120045_create_tm_payments_expenses_and_payables_tables.php | host:app/Domains/WorkCore/Database/Migrations/2026_07_23_120045_create_tm_payments_expenses_and_payables_tables.php
tm_payments,2,2,yes,13_HOST_INTEGRATION_REFERENCES/MagicAI_WorkCore_Selected | MagicAI + WorkCore host,donor:13_HOST_INTEGRATION_REFERENCES/MagicAI_WorkCore_Selected/app/Domains/WorkCore/Database/Migrations/2026_07_23_120045_create_tm_payments_expenses_and_payables_tables.php | host:app/Domains/WorkCore/Database/Migrations/2026_07_23_120045_create_tm_payments_expenses_and_payables_tables.php
tm_pos_sale_lines,2,2,yes,13_HOST_INTEGRATION_REFERENCES/MagicAI_WorkCore_Selected | MagicAI + WorkCore host,donor:13_HOST_INTEGRATION_REFERENCES/MagicAI_WorkCore_Selected/app/Domains/WorkCore/Database/Migrations/2026_07_23_120052_create_tm_missing_money_domains_tables.php | host:app/Domains/WorkCore/Database/Migrations/2026_07_23_120052_create_tm_missing_money_domains_tables.php
tm_pos_sale_payments,2,2,yes,13_HOST_INTEGRATION_REFERENCES/MagicAI_WorkCore_Selected | MagicAI + WorkCore host,donor:13_HOST_INTEGRATION_REFERENCES/MagicAI_WorkCore_Selected/app/Domains/WorkCore/Database/Migrations/2026_07_23_120052_create_tm_missing_money_domains_tables.php | host:app/Domains/WorkCore/Database/Migrations/2026_07_23_120052_create_tm_missing_money_domains_tables.php
tm_pos_sales,2,2,yes,13_HOST_INTEGRATION_REFERENCES/MagicAI_WorkCore_Selected | MagicAI + WorkCore host,donor:13_HOST_INTEGRATION_REFERENCES/MagicAI_WorkCore_Selected/app/Domains/WorkCore/Database/Migrations/2026_07_23_120052_create_tm_missing_money_domains_tables.php | host:app/Domains/WorkCore/Database/Migrations/2026_07_23_120052_create_tm_missing_money_domains_tables.php
tm_purchase_order_lines,2,2,yes,13_HOST_INTEGRATION_REFERENCES/MagicAI_WorkCore_Selected | MagicAI + WorkCore host,donor:13_HOST_INTEGRATION_REFERENCES/MagicAI_WorkCore_Selected/app/Domains/WorkCore/Database/Migrations/2026_07_23_120052_create_tm_missing_money_domains_tables.php | host:app/Domains/WorkCore/Database/Migrations/2026_07_23_120052_create_tm_missing_money_domains_tables.php
tm_purchase_orders,2,2,yes,13_HOST_INTEGRATION_REFERENCES/MagicAI_WorkCore_Selected | MagicAI + WorkCore host,donor:13_HOST_INTEGRATION_REFERENCES/MagicAI_WorkCore_Selected/app/Domains/WorkCore/Database/Migrations/2026_07_23_120052_create_tm_missing_money_domains_tables.php | host:app/Domains/WorkCore/Database/Migrations/2026_07_23_120052_create_tm_missing_money_domains_tables.php
tm_purchase_receipt_lines,2,2,yes,13_HOST_INTEGRATION_REFERENCES/MagicAI_WorkCore_Selected | MagicAI + WorkCore host,donor:13_HOST_INTEGRATION_REFERENCES/MagicAI_WorkCore_Selected/app/Domains/WorkCore/Database/Migrations/2026_07_23_120052_create_tm_missing_money_domains_tables.php | host:app/Domains/WorkCore/Database/Migrations/2026_07_23_120052_create_tm_missing_money_domains_tables.php
tm_purchase_receipts,2,2,yes,13_HOST_INTEGRATION_REFERENCES/MagicAI_WorkCore_Selected | MagicAI + WorkCore host,donor:13_HOST_INTEGRATION_REFERENCES/MagicAI_WorkCore_Selected/app/Domains/WorkCore/Database/Migrations/2026_07_23_120052_create_tm_missing_money_domains_tables.php | host:app/Domains/WorkCore/Database/Migrations/2026_07_23_120052_create_tm_missing_money_domains_tables.php
tm_qr_artifacts,2,2,yes,13_HOST_INTEGRATION_REFERENCES/MagicAI_WorkCore_Selected | MagicAI + WorkCore host,donor:13_HOST_INTEGRATION_REFERENCES/MagicAI_WorkCore_Selected/app/Domains/WorkCore/Database/Migrations/2026_07_23_120048_create_tm_autonomous_money_management_tables.php | host:app/Domains/WorkCore/Database/Migrations/2026_07_23_120048_create_tm_autonomous_money_management_tables.php
tm_quote_acceptances,2,2,yes,13_HOST_INTEGRATION_REFERENCES/MagicAI_WorkCore_Selected | MagicAI + WorkCore host,donor:13_HOST_INTEGRATION_REFERENCES/MagicAI_WorkCore_Selected/app/Domains/WorkCore/Database/Migrations/2026_07_23_120044_create_tm_commercial_documents_tables.php | host:app/Domains/WorkCore/Database/Migrations/2026_07_23_120044_create_tm_commercial_documents_tables.php
tm_quote_lines,2,2,yes,13_HOST_INTEGRATION_REFERENCES/MagicAI_WorkCore_Selected | MagicAI + WorkCore host,donor:13_HOST_INTEGRATION_REFERENCES/MagicAI_WorkCore_Selected/app/Domains/WorkCore/Database/Migrations/2026_07_23_120044_create_tm_commercial_documents_tables.php | host:app/Domains/WorkCore/Database/Migrations/2026_07_23_120044_create_tm_commercial_documents_tables.php
tm_quote_versions,2,2,yes,13_HOST_INTEGRATION_REFERENCES/MagicAI_WorkCore_Selected | MagicAI + WorkCore host,donor:13_HOST_INTEGRATION_REFERENCES/MagicAI_WorkCore_Selected/app/Domains/WorkCore/Database/Migrations/2026_07_23_120044_create_tm_commercial_documents_tables.php | host:app/Domains/WorkCore/Database/Migrations/2026_07_23_120044_create_tm_commercial_documents_tables.php
tm_quotes,2,2,yes,13_HOST_INTEGRATION_REFERENCES/MagicAI_WorkCore_Selected | MagicAI + WorkCore host,donor:13_HOST_INTEGRATION_REFERENCES/MagicAI_WorkCore_Selected/app/Domains/WorkCore/Database/Migrations/2026_07_23_120044_create_tm_commercial_documents_tables.php | host:app/Domains/WorkCore/Database/Migrations/2026_07_23_120044_create_tm_commercial_documents_tables.php
tm_receipts,2,2,yes,13_HOST_INTEGRATION_REFERENCES/MagicAI_WorkCore_Selected | MagicAI + WorkCore host,donor:13_HOST_INTEGRATION_REFERENCES/MagicAI_WorkCore_Selected/app/Domains/WorkCore/Database/Migrations/2026_07_23_120050_create_tm_collections_and_payment_runtime_tables.php | host:app/Domains/WorkCore/Database/Migrations/2026_07_23_120050_create_tm_collections_and_payment_runtime_tables.php
tm_reconciliation_lines,2,2,yes,13_HOST_INTEGRATION_REFERENCES/MagicAI_WorkCore_Selected | MagicAI + WorkCore host,donor:13_HOST_INTEGRATION_REFERENCES/MagicAI_WorkCore_Selected/app/Domains/WorkCore/Database/Migrations/2026_07_23_120047_create_tm_reconciliation_forecasting_and_export_tables.php | host:app/Domains/WorkCore/Database/Migrations/2026_07_23_120047_create_tm_reconciliation_forecasting_and_export_tables.php
tm_reconciliations,2,2,yes,13_HOST_INTEGRATION_REFERENCES/MagicAI_WorkCore_Selected | MagicAI + WorkCore host,donor:13_HOST_INTEGRATION_REFERENCES/MagicAI_WorkCore_Selected/app/Domains/WorkCore/Database/Migrations/2026_07_23_120047_create_tm_reconciliation_forecasting_and_export_tables.php | host:app/Domains/WorkCore/Database/Migrations/2026_07_23_120047_create_tm_reconciliation_forecasting_and_export_tables.php
tm_recurring_invoice_rules,2,2,yes,13_HOST_INTEGRATION_REFERENCES/MagicAI_WorkCore_Selected | MagicAI + WorkCore host,donor:13_HOST_INTEGRATION_REFERENCES/MagicAI_WorkCore_Selected/app/Domains/WorkCore/Database/Migrations/2026_07_23_120044_create_tm_commercial_documents_tables.php | host:app/Domains/WorkCore/Database/Migrations/2026_07_23_120044_create_tm_commercial_documents_tables.php
tm_refunds,2,2,yes,13_HOST_INTEGRATION_REFERENCES/MagicAI_WorkCore_Selected | MagicAI + WorkCore host,donor:13_HOST_INTEGRATION_REFERENCES/MagicAI_WorkCore_Selected/app/Domains/WorkCore/Database/Migrations/2026_07_23_120045_create_tm_payments_expenses_and_payables_tables.php | host:app/Domains/WorkCore/Database/Migrations/2026_07_23_120045_create_tm_payments_expenses_and_payables_tables.php
tm_reimbursement_batches,2,2,yes,13_HOST_INTEGRATION_REFERENCES/MagicAI_WorkCore_Selected | MagicAI + WorkCore host,donor:13_HOST_INTEGRATION_REFERENCES/MagicAI_WorkCore_Selected/app/Domains/WorkCore/Database/Migrations/2026_07_23_120052_create_tm_missing_money_domains_tables.php | host:app/Domains/WorkCore/Database/Migrations/2026_07_23_120052_create_tm_missing_money_domains_tables.php
tm_reimbursements,2,2,yes,13_HOST_INTEGRATION_REFERENCES/MagicAI_WorkCore_Selected | MagicAI + WorkCore host,donor:13_HOST_INTEGRATION_REFERENCES/MagicAI_WorkCore_Selected/app/Domains/WorkCore/Database/Migrations/2026_07_23_120052_create_tm_missing_money_domains_tables.php | host:app/Domains/WorkCore/Database/Migrations/2026_07_23_120052_create_tm_missing_money_domains_tables.php
tm_sales_order_lines,2,2,yes,13_HOST_INTEGRATION_REFERENCES/MagicAI_WorkCore_Selected | MagicAI + WorkCore host,donor:13_HOST_INTEGRATION_REFERENCES/MagicAI_WorkCore_Selected/app/Domains/WorkCore/Database/Migrations/2026_07_23_120052_create_tm_missing_money_domains_tables.php | host:app/Domains/WorkCore/Database/Migrations/2026_07_23_120052_create_tm_missing_money_domains_tables.php
tm_sales_orders,2,2,yes,13_HOST_INTEGRATION_REFERENCES/MagicAI_WorkCore_Selected | MagicAI + WorkCore host,donor:13_HOST_INTEGRATION_REFERENCES/MagicAI_WorkCore_Selected/app/Domains/WorkCore/Database/Migrations/2026_07_23_120052_create_tm_missing_money_domains_tables.php | host:app/Domains/WorkCore/Database/Migrations/2026_07_23_120052_create_tm_missing_money_domains_tables.php
tm_scheduled_actions,2,2,yes,13_HOST_INTEGRATION_REFERENCES/MagicAI_WorkCore_Selected | MagicAI + WorkCore host,donor:13_HOST_INTEGRATION_REFERENCES/MagicAI_WorkCore_Selected/app/Domains/WorkCore/Database/Migrations/2026_07_23_120048_create_tm_autonomous_money_management_tables.php | host:app/Domains/WorkCore/Database/Migrations/2026_07_23_120048_create_tm_autonomous_money_management_tables.php
tm_supplier_bill_lines,2,2,yes,13_HOST_INTEGRATION_REFERENCES/MagicAI_WorkCore_Selected | MagicAI + WorkCore host,donor:13_HOST_INTEGRATION_REFERENCES/MagicAI_WorkCore_Selected/app/Domains/WorkCore/Database/Migrations/2026_07_23_120045_create_tm_payments_expenses_and_payables_tables.php | host:app/Domains/WorkCore/Database/Migrations/2026_07_23_120045_create_tm_payments_expenses_and_payables_tables.php
tm_supplier_bills,2,2,yes,13_HOST_INTEGRATION_REFERENCES/MagicAI_WorkCore_Selected | MagicAI + WorkCore host,donor:13_HOST_INTEGRATION_REFERENCES/MagicAI_WorkCore_Selected/app/Domains/WorkCore/Database/Migrations/2026_07_23_120045_create_tm_payments_expenses_and_payables_tables.php | host:app/Domains/WorkCore/Database/Migrations/2026_07_23_120045_create_tm_payments_expenses_and_payables_tables.php
tm_supplier_credits,2,2,yes,13_HOST_INTEGRATION_REFERENCES/MagicAI_WorkCore_Selected | MagicAI + WorkCore host,donor:13_HOST_INTEGRATION_REFERENCES/MagicAI_WorkCore_Selected/app/Domains/WorkCore/Database/Migrations/2026_07_23_120052_create_tm_missing_money_domains_tables.php | host:app/Domains/WorkCore/Database/Migrations/2026_07_23_120052_create_tm_missing_money_domains_tables.php
tm_suppliers,2,2,yes,13_HOST_INTEGRATION_REFERENCES/MagicAI_WorkCore_Selected | MagicAI + WorkCore host,donor:13_HOST_INTEGRATION_REFERENCES/MagicAI_WorkCore_Selected/app/Domains/WorkCore/Database/Migrations/2026_07_23_120045_create_tm_payments_expenses_and_payables_tables.php | host:app/Domains/WorkCore/Database/Migrations/2026_07_23_120045_create_tm_payments_expenses_and_payables_tables.php
tm_tax_codes,2,2,yes,13_HOST_INTEGRATION_REFERENCES/MagicAI_WorkCore_Selected | MagicAI + WorkCore host,donor:13_HOST_INTEGRATION_REFERENCES/MagicAI_WorkCore_Selected/app/Domains/WorkCore/Database/Migrations/2026_07_23_120046_create_tm_ledger_tax_and_period_tables.php | host:app/Domains/WorkCore/Database/Migrations/2026_07_23_120046_create_tm_ledger_tax_and_period_tables.php
tm_tax_rates,2,2,yes,13_HOST_INTEGRATION_REFERENCES/MagicAI_WorkCore_Selected | MagicAI + WorkCore host,donor:13_HOST_INTEGRATION_REFERENCES/MagicAI_WorkCore_Selected/app/Domains/WorkCore/Database/Migrations/2026_07_23_120046_create_tm_ledger_tax_and_period_tables.php | host:app/Domains/WorkCore/Database/Migrations/2026_07_23_120046_create_tm_ledger_tax_and_period_tables.php
tm_tax_registrations,2,2,yes,13_HOST_INTEGRATION_REFERENCES/MagicAI_WorkCore_Selected | MagicAI + WorkCore host,donor:13_HOST_INTEGRATION_REFERENCES/MagicAI_WorkCore_Selected/app/Domains/WorkCore/Database/Migrations/2026_07_23_120040_create_tm_tax_registrations_table.php | host:app/Domains/WorkCore/Database/Migrations/2026_07_23_120040_create_tm_tax_registrations_table.php
tm_workforce_loan_repayments,2,2,yes,13_HOST_INTEGRATION_REFERENCES/MagicAI_WorkCore_Selected | MagicAI + WorkCore host,donor:13_HOST_INTEGRATION_REFERENCES/MagicAI_WorkCore_Selected/app/Domains/WorkCore/Database/Migrations/2026_07_23_120052_create_tm_missing_money_domains_tables.php | host:app/Domains/WorkCore/Database/Migrations/2026_07_23_120052_create_tm_missing_money_domains_tables.php
tm_workforce_loans,2,2,yes,13_HOST_INTEGRATION_REFERENCES/MagicAI_WorkCore_Selected | MagicAI + WorkCore host,donor:13_HOST_INTEGRATION_REFERENCES/MagicAI_WorkCore_Selected/app/Domains/WorkCore/Database/Migrations/2026_07_23_120052_create_tm_missing_money_domains_tables.php | host:app/Domains/WorkCore/Database/Migrations/2026_07_23_120052_create_tm_missing_money_domains_tables.php
tz_action_executions,3,3,yes,13_HOST_INTEGRATION_REFERENCES/MagicAI_WorkCore_Selected | MagicAI + WorkCore host | Titan Zero Chatbot PWA,donor:13_HOST_INTEGRATION_REFERENCES/MagicAI_WorkCore_Selected/app/Domains/WorkCore/Database/Migrations/2026_07_23_120007_create_tz_action_governance_tables.php | donor:03_LEARNER_PWA_AND_CHANNELS/Titan_Zero_Chatbot_PWA/System/TitanAI/workcore-runtime/native-runtime/app/Domains/WorkCore/database/migrations/2026_07_19_000008_create_tz_action_governance_tables.php | host:app/Domains/WorkCore/Database/Migrations/2026_07_23_120007_create_tz_action_governance_tables.php
tz_action_idempotency,3,3,yes,13_HOST_INTEGRATION_REFERENCES/MagicAI_WorkCore_Selected | MagicAI + WorkCore host | Titan Zero Chatbot PWA,donor:13_HOST_INTEGRATION_REFERENCES/MagicAI_WorkCore_Selected/app/Domains/WorkCore/Database/Migrations/2026_07_23_120007_create_tz_action_governance_tables.php | donor:03_LEARNER_PWA_AND_CHANNELS/Titan_Zero_Chatbot_PWA/System/TitanAI/workcore-runtime/native-runtime/app/Domains/WorkCore/database/migrations/2026_07_19_000008_create_tz_action_governance_tables.php | host:app/Domains/WorkCore/Database/Migrations/2026_07_23_120007_create_tz_action_governance_tables.php
tz_adaptive_domain_versions,2,2,yes,13_HOST_INTEGRATION_REFERENCES/MagicAI_WorkCore_Selected | MagicAI + WorkCore host,donor:13_HOST_INTEGRATION_REFERENCES/MagicAI_WorkCore_Selected/app/Domains/WorkCore/Database/Migrations/2026_07_23_120053_create_tz_capability_expansion_tables.php | host:app/Domains/WorkCore/Database/Migrations/2026_07_23_120053_create_tz_capability_expansion_tables.php
tz_adaptive_domains,2,2,yes,13_HOST_INTEGRATION_REFERENCES/MagicAI_WorkCore_Selected | MagicAI + WorkCore host,donor:13_HOST_INTEGRATION_REFERENCES/MagicAI_WorkCore_Selected/app/Domains/WorkCore/Database/Migrations/2026_07_23_120053_create_tz_capability_expansion_tables.php | host:app/Domains/WorkCore/Database/Migrations/2026_07_23_120053_create_tz_capability_expansion_tables.php
tz_adaptive_feature_runs,2,2,yes,13_HOST_INTEGRATION_REFERENCES/MagicAI_WorkCore_Selected | MagicAI + WorkCore host,donor:13_HOST_INTEGRATION_REFERENCES/MagicAI_WorkCore_Selected/app/Domains/WorkCore/Database/Migrations/2026_07_23_120056_create_tz_adaptive_feature_tables.php | host:app/Domains/WorkCore/Database/Migrations/2026_07_23_120056_create_tz_adaptive_feature_tables.php
tz_adaptive_feature_versions,2,2,yes,13_HOST_INTEGRATION_REFERENCES/MagicAI_WorkCore_Selected | MagicAI + WorkCore host,donor:13_HOST_INTEGRATION_REFERENCES/MagicAI_WorkCore_Selected/app/Domains/WorkCore/Database/Migrations/2026_07_23_120056_create_tz_adaptive_feature_tables.php | host:app/Domains/WorkCore/Database/Migrations/2026_07_23_120056_create_tz_adaptive_feature_tables.php
tz_adaptive_features,2,2,yes,13_HOST_INTEGRATION_REFERENCES/MagicAI_WorkCore_Selected | MagicAI + WorkCore host,donor:13_HOST_INTEGRATION_REFERENCES/MagicAI_WorkCore_Selected/app/Domains/WorkCore/Database/Migrations/2026_07_23_120056_create_tz_adaptive_feature_tables.php | host:app/Domains/WorkCore/Database/Migrations/2026_07_23_120056_create_tz_adaptive_feature_tables.php
tz_adaptive_records,2,2,yes,13_HOST_INTEGRATION_REFERENCES/MagicAI_WorkCore_Selected | MagicAI + WorkCore host,donor:13_HOST_INTEGRATION_REFERENCES/MagicAI_WorkCore_Selected/app/Domains/WorkCore/Database/Migrations/2026_07_23_120053_create_tz_capability_expansion_tables.php | host:app/Domains/WorkCore/Database/Migrations/2026_07_23_120053_create_tz_capability_expansion_tables.php
tz_ai_agent_versions,3,3,yes,13_HOST_INTEGRATION_REFERENCES/MagicAI_WorkCore_Selected | MagicAI + WorkCore host | Titan Zero Chatbot PWA,donor:13_HOST_INTEGRATION_REFERENCES/MagicAI_WorkCore_Selected/app/Domains/WorkCore/Database/Migrations/2026_07_23_120098_create_tz_native_ai_kernel_tables.php | donor:03_LEARNER_PWA_AND_CHANNELS/Titan_Zero_Chatbot_PWA/System/TitanAI/workcore-runtime/native-runtime/app/Domains/WorkCore/database/migrations/2026_07_28_000100_create_tz_native_ai_kernel_tables.php | host:app/Domains/WorkCore/Database/Migrations/2026_07_23_120098_create_tz_native_ai_kernel_tables.php
tz_ai_agents,3,3,yes,13_HOST_INTEGRATION_REFERENCES/MagicAI_WorkCore_Selected | MagicAI + WorkCore host | Titan Zero Chatbot PWA,donor:13_HOST_INTEGRATION_REFERENCES/MagicAI_WorkCore_Selected/app/Domains/WorkCore/Database/Migrations/2026_07_23_120098_create_tz_native_ai_kernel_tables.php | donor:03_LEARNER_PWA_AND_CHANNELS/Titan_Zero_Chatbot_PWA/System/TitanAI/workcore-runtime/native-runtime/app/Domains/WorkCore/database/migrations/2026_07_28_000100_create_tz_native_ai_kernel_tables.php | host:app/Domains/WorkCore/Database/Migrations/2026_07_23_120098_create_tz_native_ai_kernel_tables.php
tz_ai_approval_requests,2,2,yes,13_HOST_INTEGRATION_REFERENCES/MagicAI_WorkCore_Selected | MagicAI + WorkCore host,donor:13_HOST_INTEGRATION_REFERENCES/MagicAI_WorkCore_Selected/app/Domains/WorkCore/Database/Migrations/2026_07_23_120099_create_tz_ai_orchestration_tables.php | host:app/Domains/WorkCore/Database/Migrations/2026_07_23_120099_create_tz_ai_orchestration_tables.php
tz_ai_capability_signals,2,2,yes,13_HOST_INTEGRATION_REFERENCES/MagicAI_WorkCore_Selected | MagicAI + WorkCore host,donor:13_HOST_INTEGRATION_REFERENCES/MagicAI_WorkCore_Selected/app/Domains/WorkCore/Database/Migrations/2026_07_23_120057_create_tz_intelligence_core_tables.php | host:app/Domains/WorkCore/Database/Migrations/2026_07_23_120057_create_tz_intelligence_core_tables.php
tz_ai_confirmation_nonces,2,2,yes,13_HOST_INTEGRATION_REFERENCES/MagicAI_WorkCore_Selected | MagicAI + WorkCore host,donor:13_HOST_INTEGRATION_REFERENCES/MagicAI_WorkCore_Selected/app/Domains/WorkCore/Database/Migrations/2026_07_23_120057_create_tz_intelligence_core_tables.php | host:app/Domains/WorkCore/Database/Migrations/2026_07_23_120057_create_tz_intelligence_core_tables.php
tz_ai_conversations,2,2,yes,13_HOST_INTEGRATION_REFERENCES/MagicAI_WorkCore_Selected | MagicAI + WorkCore host,donor:13_HOST_INTEGRATION_REFERENCES/MagicAI_WorkCore_Selected/app/Domains/WorkCore/Database/Migrations/2026_07_23_120099_create_tz_ai_orchestration_tables.php | host:app/Domains/WorkCore/Database/Migrations/2026_07_23_120099_create_tz_ai_orchestration_tables.php
tz_ai_evidence,2,2,yes,13_HOST_INTEGRATION_REFERENCES/MagicAI_WorkCore_Selected | MagicAI + WorkCore host,donor:13_HOST_INTEGRATION_REFERENCES/MagicAI_WorkCore_Selected/app/Domains/WorkCore/Database/Migrations/2026_07_23_120057_create_tz_intelligence_core_tables.php | host:app/Domains/WorkCore/Database/Migrations/2026_07_23_120057_create_tz_intelligence_core_tables.php
tz_ai_knowledge_chunks,2,2,yes,13_HOST_INTEGRATION_REFERENCES/MagicAI_WorkCore_Selected | MagicAI + WorkCore host,donor:13_HOST_INTEGRATION_REFERENCES/MagicAI_WorkCore_Selected/app/Domains/WorkCore/Database/Migrations/2026_07_23_120058_create_tz_ai_knowledge_tables.php | host:app/Domains/WorkCore/Database/Migrations/2026_07_23_120058_create_tz_ai_knowledge_tables.php
tz_ai_knowledge_documents,2,2,yes,13_HOST_INTEGRATION_REFERENCES/MagicAI_WorkCore_Selected | MagicAI + WorkCore host,donor:13_HOST_INTEGRATION_REFERENCES/MagicAI_WorkCore_Selected/app/Domains/WorkCore/Database/Migrations/2026_07_23_120058_create_tz_ai_knowledge_tables.php | host:app/Domains/WorkCore/Database/Migrations/2026_07_23_120058_create_tz_ai_knowledge_tables.php
tz_ai_memories,2,2,yes,13_HOST_INTEGRATION_REFERENCES/MagicAI_WorkCore_Selected | MagicAI + WorkCore host,donor:13_HOST_INTEGRATION_REFERENCES/MagicAI_WorkCore_Selected/app/Domains/WorkCore/Database/Migrations/2026_07_23_120099_create_tz_ai_orchestration_tables.php | host:app/Domains/WorkCore/Database/Migrations/2026_07_23_120099_create_tz_ai_orchestration_tables.php
tz_ai_messages,2,2,yes,13_HOST_INTEGRATION_REFERENCES/MagicAI_WorkCore_Selected | MagicAI + WorkCore host,donor:13_HOST_INTEGRATION_REFERENCES/MagicAI_WorkCore_Selected/app/Domains/WorkCore/Database/Migrations/2026_07_23_120099_create_tz_ai_orchestration_tables.php | host:app/Domains/WorkCore/Database/Migrations/2026_07_23_120099_create_tz_ai_orchestration_tables.php
tz_ai_model_profiles,3,3,yes,13_HOST_INTEGRATION_REFERENCES/MagicAI_WorkCore_Selected | MagicAI + WorkCore host | Titan Zero Chatbot PWA,donor:13_HOST_INTEGRATION_REFERENCES/MagicAI_WorkCore_Selected/app/Domains/WorkCore/Database/Migrations/2026_07_23_120098_create_tz_native_ai_kernel_tables.php | donor:03_LEARNER_PWA_AND_CHANNELS/Titan_Zero_Chatbot_PWA/System/TitanAI/workcore-runtime/native-runtime/app/Domains/WorkCore/database/migrations/2026_07_28_000100_create_tz_native_ai_kernel_tables.php | host:app/Domains/WorkCore/Database/Migrations/2026_07_23_120098_create_tz_native_ai_kernel_tables.php
tz_ai_observations,2,2,yes,13_HOST_INTEGRATION_REFERENCES/MagicAI_WorkCore_Selected | MagicAI + WorkCore host,donor:13_HOST_INTEGRATION_REFERENCES/MagicAI_WorkCore_Selected/app/Domains/WorkCore/Database/Migrations/2026_07_23_120057_create_tz_intelligence_core_tables.php | host:app/Domains/WorkCore/Database/Migrations/2026_07_23_120057_create_tz_intelligence_core_tables.php
tz_ai_orchestration_runs,2,2,yes,13_HOST_INTEGRATION_REFERENCES/MagicAI_WorkCore_Selected | MagicAI + WorkCore host,donor:13_HOST_INTEGRATION_REFERENCES/MagicAI_WorkCore_Selected/app/Domains/WorkCore/Database/Migrations/2026_07_23_120099_create_tz_ai_orchestration_tables.php | host:app/Domains/WorkCore/Database/Migrations/2026_07_23_120099_create_tz_ai_orchestration_tables.php
tz_ai_orchestration_steps,2,2,yes,13_HOST_INTEGRATION_REFERENCES/MagicAI_WorkCore_Selected | MagicAI + WorkCore host,donor:13_HOST_INTEGRATION_REFERENCES/MagicAI_WorkCore_Selected/app/Domains/WorkCore/Database/Migrations/2026_07_23_120099_create_tz_ai_orchestration_tables.php | host:app/Domains/WorkCore/Database/Migrations/2026_07_23_120099_create_tz_ai_orchestration_tables.php
tz_ai_policy_versions,3,3,yes,13_HOST_INTEGRATION_REFERENCES/MagicAI_WorkCore_Selected | MagicAI + WorkCore host | Titan Zero Chatbot PWA,donor:13_HOST_INTEGRATION_REFERENCES/MagicAI_WorkCore_Selected/app/Domains/WorkCore/Database/Migrations/2026_07_23_120098_create_tz_native_ai_kernel_tables.php | donor:03_LEARNER_PWA_AND_CHANNELS/Titan_Zero_Chatbot_PWA/System/TitanAI/workcore-runtime/native-runtime/app/Domains/WorkCore/database/migrations/2026_07_28_000100_create_tz_native_ai_kernel_tables.php | host:app/Domains/WorkCore/Database/Migrations/2026_07_23_120098_create_tz_native_ai_kernel_tables.php
tz_ai_provider_profiles,3,3,yes,13_HOST_INTEGRATION_REFERENCES/MagicAI_WorkCore_Selected | MagicAI + WorkCore host | Titan Zero Chatbot PWA,donor:13_HOST_INTEGRATION_REFERENCES/MagicAI_WorkCore_Selected/app/Domains/WorkCore/Database/Migrations/2026_07_23_120098_create_tz_native_ai_kernel_tables.php | donor:03_LEARNER_PWA_AND_CHANNELS/Titan_Zero_Chatbot_PWA/System/TitanAI/workcore-runtime/native-runtime/app/Domains/WorkCore/database/migrations/2026_07_28_000100_create_tz_native_ai_kernel_tables.php | host:app/Domains/WorkCore/Database/Migrations/2026_07_23_120098_create_tz_native_ai_kernel_tables.php
tz_ai_recommendations,2,2,yes,13_HOST_INTEGRATION_REFERENCES/MagicAI_WorkCore_Selected | MagicAI + WorkCore host,donor:13_HOST_INTEGRATION_REFERENCES/MagicAI_WorkCore_Selected/app/Domains/WorkCore/Database/Migrations/2026_07_23_120057_create_tz_intelligence_core_tables.php | host:app/Domains/WorkCore/Database/Migrations/2026_07_23_120057_create_tz_intelligence_core_tables.php
tz_ai_runs,3,3,yes,13_HOST_INTEGRATION_REFERENCES/MagicAI_WorkCore_Selected | MagicAI + WorkCore host | Titan Zero Chatbot PWA,donor:13_HOST_INTEGRATION_REFERENCES/MagicAI_WorkCore_Selected/app/Domains/WorkCore/Database/Migrations/2026_07_23_120098_create_tz_native_ai_kernel_tables.php | donor:03_LEARNER_PWA_AND_CHANNELS/Titan_Zero_Chatbot_PWA/System/TitanAI/workcore-runtime/native-runtime/app/Domains/WorkCore/database/migrations/2026_07_28_000100_create_tz_native_ai_kernel_tables.php | host:app/Domains/WorkCore/Database/Migrations/2026_07_23_120098_create_tz_native_ai_kernel_tables.php
tz_ai_task_runs,2,2,yes,13_HOST_INTEGRATION_REFERENCES/MagicAI_WorkCore_Selected | MagicAI + WorkCore host,donor:13_HOST_INTEGRATION_REFERENCES/MagicAI_WorkCore_Selected/app/Domains/WorkCore/Database/Migrations/2026_07_23_120057_create_tz_intelligence_core_tables.php | host:app/Domains/WorkCore/Database/Migrations/2026_07_23_120057_create_tz_intelligence_core_tables.php
tz_ai_tool_runs,3,3,yes,13_HOST_INTEGRATION_REFERENCES/MagicAI_WorkCore_Selected | MagicAI + WorkCore host | Titan Zero Chatbot PWA,donor:13_HOST_INTEGRATION_REFERENCES/MagicAI_WorkCore_Selected/app/Domains/WorkCore/Database/Migrations/2026_07_23_120098_create_tz_native_ai_kernel_tables.php | donor:03_LEARNER_PWA_AND_CHANNELS/Titan_Zero_Chatbot_PWA/System/TitanAI/workcore-runtime/native-runtime/app/Domains/WorkCore/database/migrations/2026_07_28_000100_create_tz_native_ai_kernel_tables.php | host:app/Domains/WorkCore/Database/Migrations/2026_07_23_120098_create_tz_native_ai_kernel_tables.php
tz_ai_usage_ledger,3,3,yes,13_HOST_INTEGRATION_REFERENCES/MagicAI_WorkCore_Selected | MagicAI + WorkCore host | Titan Zero Chatbot PWA,donor:13_HOST_INTEGRATION_REFERENCES/MagicAI_WorkCore_Selected/app/Domains/WorkCore/Database/Migrations/2026_07_23_120098_create_tz_native_ai_kernel_tables.php | donor:03_LEARNER_PWA_AND_CHANNELS/Titan_Zero_Chatbot_PWA/System/TitanAI/workcore-runtime/native-runtime/app/Domains/WorkCore/database/migrations/2026_07_28_000100_create_tz_native_ai_kernel_tables.php | host:app/Domains/WorkCore/Database/Migrations/2026_07_23_120098_create_tz_native_ai_kernel_tables.php
tz_appointment_assets,2,2,yes,13_HOST_INTEGRATION_REFERENCES/MagicAI_WorkCore_Selected | MagicAI + WorkCore host,donor:13_HOST_INTEGRATION_REFERENCES/MagicAI_WorkCore_Selected/app/Domains/WorkCore/Database/Migrations/2026_07_23_120025_integrate_assets_with_scheduling.php | host:app/Domains/WorkCore/Database/Migrations/2026_07_23_120025_integrate_assets_with_scheduling.php
tz_appointment_participants,2,2,yes,13_HOST_INTEGRATION_REFERENCES/MagicAI_WorkCore_Selected | MagicAI + WorkCore host,donor:13_HOST_INTEGRATION_REFERENCES/MagicAI_WorkCore_Selected/app/Domains/WorkCore/Database/Migrations/2026_07_23_120013_create_tz_appointment_tables.php | host:app/Domains/WorkCore/Database/Migrations/2026_07_23_120013_create_tz_appointment_tables.php
tz_appointment_status_history,2,2,yes,13_HOST_INTEGRATION_REFERENCES/MagicAI_WorkCore_Selected | MagicAI + WorkCore host,donor:13_HOST_INTEGRATION_REFERENCES/MagicAI_WorkCore_Selected/app/Domains/WorkCore/Database/Migrations/2026_07_23_120013_create_tz_appointment_tables.php | host:app/Domains/WorkCore/Database/Migrations/2026_07_23_120013_create_tz_appointment_tables.php
tz_appointments,2,2,yes,13_HOST_INTEGRATION_REFERENCES/MagicAI_WorkCore_Selected | MagicAI + WorkCore host,donor:13_HOST_INTEGRATION_REFERENCES/MagicAI_WorkCore_Selected/app/Domains/WorkCore/Database/Migrations/2026_07_23_120013_create_tz_appointment_tables.php | host:app/Domains/WorkCore/Database/Migrations/2026_07_23_120013_create_tz_appointment_tables.php
tz_asset_assignments,2,2,yes,13_HOST_INTEGRATION_REFERENCES/MagicAI_WorkCore_Selected | MagicAI + WorkCore host,donor:13_HOST_INTEGRATION_REFERENCES/MagicAI_WorkCore_Selected/app/Domains/WorkCore/Database/Migrations/2026_07_23_120017_create_tz_asset_and_equipment_tables.php | host:app/Domains/WorkCore/Database/Migrations/2026_07_23_120017_create_tz_asset_and_equipment_tables.php
tz_asset_calibrations,2,2,yes,13_HOST_INTEGRATION_REFERENCES/MagicAI_WorkCore_Selected | MagicAI + WorkCore host,donor:13_HOST_INTEGRATION_REFERENCES/MagicAI_WorkCore_Selected/app/Domains/WorkCore/Database/Migrations/2026_07_23_120024_merge_titan_assets_into_workcore.php | host:app/Domains/WorkCore/Database/Migrations/2026_07_23_120024_merge_titan_assets_into_workcore.php
tz_asset_categories,2,2,yes,13_HOST_INTEGRATION_REFERENCES/MagicAI_WorkCore_Selected | MagicAI + WorkCore host,donor:13_HOST_INTEGRATION_REFERENCES/MagicAI_WorkCore_Selected/app/Domains/WorkCore/Database/Migrations/2026_07_23_120017_create_tz_asset_and_equipment_tables.php | host:app/Domains/WorkCore/Database/Migrations/2026_07_23_120017_create_tz_asset_and_equipment_tables.php
tz_asset_condition_records,2,2,yes,13_HOST_INTEGRATION_REFERENCES/MagicAI_WorkCore_Selected | MagicAI + WorkCore host,donor:13_HOST_INTEGRATION_REFERENCES/MagicAI_WorkCore_Selected/app/Domains/WorkCore/Database/Migrations/2026_07_23_120024_merge_titan_assets_into_workcore.php | host:app/Domains/WorkCore/Database/Migrations/2026_07_23_120024_merge_titan_assets_into_workcore.php
tz_asset_damage_reports,2,2,yes,13_HOST_INTEGRATION_REFERENCES/MagicAI_WorkCore_Selected | MagicAI + WorkCore host,donor:13_HOST_INTEGRATION_REFERENCES/MagicAI_WorkCore_Selected/app/Domains/WorkCore/Database/Migrations/2026_07_23_120024_merge_titan_assets_into_workcore.php | host:app/Domains/WorkCore/Database/Migrations/2026_07_23_120024_merge_titan_assets_into_workcore.php
tz_asset_document_links,2,2,yes,13_HOST_INTEGRATION_REFERENCES/MagicAI_WorkCore_Selected | MagicAI + WorkCore host,donor:13_HOST_INTEGRATION_REFERENCES/MagicAI_WorkCore_Selected/app/Domains/WorkCore/Database/Migrations/2026_07_23_120024_merge_titan_assets_into_workcore.php | host:app/Domains/WorkCore/Database/Migrations/2026_07_23_120024_merge_titan_assets_into_workcore.php
tz_asset_identifiers,2,2,yes,13_HOST_INTEGRATION_REFERENCES/MagicAI_WorkCore_Selected | MagicAI + WorkCore host,donor:13_HOST_INTEGRATION_REFERENCES/MagicAI_WorkCore_Selected/app/Domains/WorkCore/Database/Migrations/2026_07_23_120024_merge_titan_assets_into_workcore.php | host:app/Domains/WorkCore/Database/Migrations/2026_07_23_120024_merge_titan_assets_into_workcore.php
tz_asset_legacy_status_migrations,2,2,yes,13_HOST_INTEGRATION_REFERENCES/MagicAI_WorkCore_Selected | MagicAI + WorkCore host,donor:13_HOST_INTEGRATION_REFERENCES/MagicAI_WorkCore_Selected/app/Domains/WorkCore/Database/Migrations/2026_07_23_120026_harden_asset_runtime_wiring.php | host:app/Domains/WorkCore/Database/Migrations/2026_07_23_120026_harden_asset_runtime_wiring.php
tz_asset_maintenance_plans,2,2,yes,13_HOST_INTEGRATION_REFERENCES/MagicAI_WorkCore_Selected | MagicAI + WorkCore host,donor:13_HOST_INTEGRATION_REFERENCES/MagicAI_WorkCore_Selected/app/Domains/WorkCore/Database/Migrations/2026_07_23_120024_merge_titan_assets_into_workcore.php | host:app/Domains/WorkCore/Database/Migrations/2026_07_23_120024_merge_titan_assets_into_workcore.php
tz_asset_maintenance_records,2,2,yes,13_HOST_INTEGRATION_REFERENCES/MagicAI_WorkCore_Selected | MagicAI + WorkCore host,donor:13_HOST_INTEGRATION_REFERENCES/MagicAI_WorkCore_Selected/app/Domains/WorkCore/Database/Migrations/2026_07_23_120017_create_tz_asset_and_equipment_tables.php | host:app/Domains/WorkCore/Database/Migrations/2026_07_23_120017_create_tz_asset_and_equipment_tables.php
tz_asset_meter_readings,2,2,yes,13_HOST_INTEGRATION_REFERENCES/MagicAI_WorkCore_Selected | MagicAI + WorkCore host,donor:13_HOST_INTEGRATION_REFERENCES/MagicAI_WorkCore_Selected/app/Domains/WorkCore/Database/Migrations/2026_07_23_120017_create_tz_asset_and_equipment_tables.php | host:app/Domains/WorkCore/Database/Migrations/2026_07_23_120017_create_tz_asset_and_equipment_tables.php
tz_asset_migration_conflicts,2,2,yes,13_HOST_INTEGRATION_REFERENCES/MagicAI_WorkCore_Selected | MagicAI + WorkCore host,donor:13_HOST_INTEGRATION_REFERENCES/MagicAI_WorkCore_Selected/app/Domains/WorkCore/Database/Migrations/2026_07_23_120024_merge_titan_assets_into_workcore.php | host:app/Domains/WorkCore/Database/Migrations/2026_07_23_120024_merge_titan_assets_into_workcore.php
tz_asset_status_history,2,2,yes,13_HOST_INTEGRATION_REFERENCES/MagicAI_WorkCore_Selected | MagicAI + WorkCore host,donor:13_HOST_INTEGRATION_REFERENCES/MagicAI_WorkCore_Selected/app/Domains/WorkCore/Database/Migrations/2026_07_23_120017_create_tz_asset_and_equipment_tables.php | host:app/Domains/WorkCore/Database/Migrations/2026_07_23_120017_create_tz_asset_and_equipment_tables.php
tz_asset_supply_handoffs,2,2,yes,13_HOST_INTEGRATION_REFERENCES/MagicAI_WorkCore_Selected | MagicAI + WorkCore host,donor:13_HOST_INTEGRATION_REFERENCES/MagicAI_WorkCore_Selected/app/Domains/WorkCore/Database/Migrations/2026_07_23_120024_merge_titan_assets_into_workcore.php | host:app/Domains/WorkCore/Database/Migrations/2026_07_23_120024_merge_titan_assets_into_workcore.php
tz_asset_warranties,2,2,yes,13_HOST_INTEGRATION_REFERENCES/MagicAI_WorkCore_Selected | MagicAI + WorkCore host,donor:13_HOST_INTEGRATION_REFERENCES/MagicAI_WorkCore_Selected/app/Domains/WorkCore/Database/Migrations/2026_07_23_120024_merge_titan_assets_into_workcore.php | host:app/Domains/WorkCore/Database/Migrations/2026_07_23_120024_merge_titan_assets_into_workcore.php
tz_asset_warranty_claims,2,2,yes,13_HOST_INTEGRATION_REFERENCES/MagicAI_WorkCore_Selected | MagicAI + WorkCore host,donor:13_HOST_INTEGRATION_REFERENCES/MagicAI_WorkCore_Selected/app/Domains/WorkCore/Database/Migrations/2026_07_23_120024_merge_titan_assets_into_workcore.php | host:app/Domains/WorkCore/Database/Migrations/2026_07_23_120024_merge_titan_assets_into_workcore.php
tz_assets,2,2,yes,13_HOST_INTEGRATION_REFERENCES/MagicAI_WorkCore_Selected | MagicAI + WorkCore host,donor:13_HOST_INTEGRATION_REFERENCES/MagicAI_WorkCore_Selected/app/Domains/WorkCore/Database/Migrations/2026_07_23_120017_create_tz_asset_and_equipment_tables.php | host:app/Domains/WorkCore/Database/Migrations/2026_07_23_120017_create_tz_asset_and_equipment_tables.php
tz_attendance_biometric_credentials,2,2,yes,13_HOST_INTEGRATION_REFERENCES/MagicAI_WorkCore_Selected | MagicAI + WorkCore host,donor:13_HOST_INTEGRATION_REFERENCES/MagicAI_WorkCore_Selected/app/Domains/WorkCore/Database/Migrations/2026_07_23_120055_create_tz_workforce_team_domains.php | host:app/Domains/WorkCore/Database/Migrations/2026_07_23_120055_create_tz_workforce_team_domains.php
tz_attendance_breaks,2,2,yes,13_HOST_INTEGRATION_REFERENCES/MagicAI_WorkCore_Selected | MagicAI + WorkCore host,donor:13_HOST_INTEGRATION_REFERENCES/MagicAI_WorkCore_Selected/app/Domains/WorkCore/Database/Migrations/2026_07_23_120020_create_tz_attendance_and_leave_tables.php | host:app/Domains/WorkCore/Database/Migrations/2026_07_23_120020_create_tz_attendance_and_leave_tables.php
tz_attendance_geofences,2,2,yes,13_HOST_INTEGRATION_REFERENCES/MagicAI_WorkCore_Selected | MagicAI + WorkCore host,donor:13_HOST_INTEGRATION_REFERENCES/MagicAI_WorkCore_Selected/app/Domains/WorkCore/Database/Migrations/2026_07_23_120055_create_tz_workforce_team_domains.php | host:app/Domains/WorkCore/Database/Migrations/2026_07_23_120055_create_tz_workforce_team_domains.php
tz_attendance_network_rules,2,2,yes,13_HOST_INTEGRATION_REFERENCES/MagicAI_WorkCore_Selected | MagicAI + WorkCore host,donor:13_HOST_INTEGRATION_REFERENCES/MagicAI_WorkCore_Selected/app/Domains/WorkCore/Database/Migrations/2026_07_23_120055_create_tz_workforce_team_domains.php | host:app/Domains/WorkCore/Database/Migrations/2026_07_23_120055_create_tz_workforce_team_domains.php
tz_attendance_offline_batches,2,2,yes,13_HOST_INTEGRATION_REFERENCES/MagicAI_WorkCore_Selected | MagicAI + WorkCore host,donor:13_HOST_INTEGRATION_REFERENCES/MagicAI_WorkCore_Selected/app/Domains/WorkCore/Database/Migrations/2026_07_23_120055_create_tz_workforce_team_domains.php | host:app/Domains/WorkCore/Database/Migrations/2026_07_23_120055_create_tz_workforce_team_domains.php
tz_attendance_offline_events,2,2,yes,13_HOST_INTEGRATION_REFERENCES/MagicAI_WorkCore_Selected | MagicAI + WorkCore host,donor:13_HOST_INTEGRATION_REFERENCES/MagicAI_WorkCore_Selected/app/Domains/WorkCore/Database/Migrations/2026_07_23_120055_create_tz_workforce_team_domains.php | host:app/Domains/WorkCore/Database/Migrations/2026_07_23_120055_create_tz_workforce_team_domains.php
tz_attendance_policies,2,2,yes,13_HOST_INTEGRATION_REFERENCES/MagicAI_WorkCore_Selected | MagicAI + WorkCore host,donor:13_HOST_INTEGRATION_REFERENCES/MagicAI_WorkCore_Selected/app/Domains/WorkCore/Database/Migrations/2026_07_23_120055_create_tz_workforce_team_domains.php | host:app/Domains/WorkCore/Database/Migrations/2026_07_23_120055_create_tz_workforce_team_domains.php
tz_attendance_policy_methods,2,2,yes,13_HOST_INTEGRATION_REFERENCES/MagicAI_WorkCore_Selected | MagicAI + WorkCore host,donor:13_HOST_INTEGRATION_REFERENCES/MagicAI_WorkCore_Selected/app/Domains/WorkCore/Database/Migrations/2026_07_23_120055_create_tz_workforce_team_domains.php | host:app/Domains/WorkCore/Database/Migrations/2026_07_23_120055_create_tz_workforce_team_domains.php
tz_attendance_qr_tokens,2,2,yes,13_HOST_INTEGRATION_REFERENCES/MagicAI_WorkCore_Selected | MagicAI + WorkCore host,donor:13_HOST_INTEGRATION_REFERENCES/MagicAI_WorkCore_Selected/app/Domains/WorkCore/Database/Migrations/2026_07_23_120055_create_tz_workforce_team_domains.php | host:app/Domains/WorkCore/Database/Migrations/2026_07_23_120055_create_tz_workforce_team_domains.php
tz_attendance_sessions,2,2,yes,13_HOST_INTEGRATION_REFERENCES/MagicAI_WorkCore_Selected | MagicAI + WorkCore host,donor:13_HOST_INTEGRATION_REFERENCES/MagicAI_WorkCore_Selected/app/Domains/WorkCore/Database/Migrations/2026_07_23_120020_create_tz_attendance_and_leave_tables.php | host:app/Domains/WorkCore/Database/Migrations/2026_07_23_120020_create_tz_attendance_and_leave_tables.php
tz_attendance_verification_attempts,2,2,yes,13_HOST_INTEGRATION_REFERENCES/MagicAI_WorkCore_Selected | MagicAI + WorkCore host,donor:13_HOST_INTEGRATION_REFERENCES/MagicAI_WorkCore_Selected/app/Domains/WorkCore/Database/Migrations/2026_07_23_120055_create_tz_workforce_team_domains.php | host:app/Domains/WorkCore/Database/Migrations/2026_07_23_120055_create_tz_workforce_team_domains.php
tz_branches,2,2,yes,13_HOST_INTEGRATION_REFERENCES/MagicAI_WorkCore_Selected | MagicAI + WorkCore host,donor:13_HOST_INTEGRATION_REFERENCES/MagicAI_WorkCore_Selected/app/Domains/WorkCore/Database/Migrations/2026_07_23_120037_create_tz_territory_tables.php | host:app/Domains/WorkCore/Database/Migrations/2026_07_23_120037_create_tz_territory_tables.php
tz_business_lines,2,2,yes,13_HOST_INTEGRATION_REFERENCES/MagicAI_WorkCore_Selected | MagicAI + WorkCore host,donor:13_HOST_INTEGRATION_REFERENCES/MagicAI_WorkCore_Selected/app/Domains/WorkCore/Database/Migrations/2026_07_23_120029_create_tz_vertical_system_tables.php | host:app/Domains/WorkCore/Database/Migrations/2026_07_23_120029_create_tz_vertical_system_tables.php
tz_capability_expansion_requests,2,2,yes,13_HOST_INTEGRATION_REFERENCES/MagicAI_WorkCore_Selected | MagicAI + WorkCore host,donor:13_HOST_INTEGRATION_REFERENCES/MagicAI_WorkCore_Selected/app/Domains/WorkCore/Database/Migrations/2026_07_23_120053_create_tz_capability_expansion_tables.php | host:app/Domains/WorkCore/Database/Migrations/2026_07_23_120053_create_tz_capability_expansion_tables.php
tz_companies,2,2,yes,13_HOST_INTEGRATION_REFERENCES/MagicAI_WorkCore_Selected | MagicAI + WorkCore host,donor:13_HOST_INTEGRATION_REFERENCES/MagicAI_WorkCore_Selected/app/Domains/WorkCore/Database/Migrations/2026_07_23_120001_create_tz_companies_table.php | host:app/Domains/WorkCore/Database/Migrations/2026_07_23_120001_create_tz_companies_table.php
tz_company_document_templates,2,2,yes,13_HOST_INTEGRATION_REFERENCES/MagicAI_WorkCore_Selected | MagicAI + WorkCore host,donor:13_HOST_INTEGRATION_REFERENCES/MagicAI_WorkCore_Selected/app/Domains/WorkCore/Database/Migrations/2026_07_23_120030_create_tz_vertical_setup_tables.php | host:app/Domains/WorkCore/Database/Migrations/2026_07_23_120030_create_tz_vertical_setup_tables.php
tz_company_features,2,2,yes,13_HOST_INTEGRATION_REFERENCES/MagicAI_WorkCore_Selected | MagicAI + WorkCore host,donor:13_HOST_INTEGRATION_REFERENCES/MagicAI_WorkCore_Selected/app/Domains/WorkCore/Database/Migrations/2026_07_23_120029_create_tz_vertical_system_tables.php | host:app/Domains/WorkCore/Database/Migrations/2026_07_23_120029_create_tz_vertical_system_tables.php
tz_company_invitations,2,2,yes,13_HOST_INTEGRATION_REFERENCES/MagicAI_WorkCore_Selected | MagicAI + WorkCore host,donor:13_HOST_INTEGRATION_REFERENCES/MagicAI_WorkCore_Selected/app/Domains/WorkCore/Database/Migrations/2026_07_23_120006_create_tz_company_invitations_table.php | host:app/Domains/WorkCore/Database/Migrations/2026_07_23_120006_create_tz_company_invitations_table.php
tz_company_locales,2,2,yes,13_HOST_INTEGRATION_REFERENCES/MagicAI_WorkCore_Selected | MagicAI + WorkCore host,donor:13_HOST_INTEGRATION_REFERENCES/MagicAI_WorkCore_Selected/app/Domains/WorkCore/Database/Migrations/2026_07_23_120030_create_tz_vertical_setup_tables.php | host:app/Domains/WorkCore/Database/Migrations/2026_07_23_120030_create_tz_vertical_setup_tables.php
tz_company_member_permissions,2,2,yes,13_HOST_INTEGRATION_REFERENCES/MagicAI_WorkCore_Selected | MagicAI + WorkCore host,donor:13_HOST_INTEGRATION_REFERENCES/MagicAI_WorkCore_Selected/app/Domains/WorkCore/Database/Migrations/2026_07_23_120004_create_tz_company_permissions_tables.php | host:app/Domains/WorkCore/Database/Migrations/2026_07_23_120004_create_tz_company_permissions_tables.php
tz_company_memberships,2,2,yes,13_HOST_INTEGRATION_REFERENCES/MagicAI_WorkCore_Selected | MagicAI + WorkCore host,donor:13_HOST_INTEGRATION_REFERENCES/MagicAI_WorkCore_Selected/app/Domains/WorkCore/Database/Migrations/2026_07_23_120003_create_tz_company_memberships_table.php | host:app/Domains/WorkCore/Database/Migrations/2026_07_23_120003_create_tz_company_memberships_table.php
tz_company_role_permissions,2,2,yes,13_HOST_INTEGRATION_REFERENCES/MagicAI_WorkCore_Selected | MagicAI + WorkCore host,donor:13_HOST_INTEGRATION_REFERENCES/MagicAI_WorkCore_Selected/app/Domains/WorkCore/Database/Migrations/2026_07_23_120004_create_tz_company_permissions_tables.php | host:app/Domains/WorkCore/Database/Migrations/2026_07_23_120004_create_tz_company_permissions_tables.php
tz_company_roles,2,2,yes,13_HOST_INTEGRATION_REFERENCES/MagicAI_WorkCore_Selected | MagicAI + WorkCore host,donor:13_HOST_INTEGRATION_REFERENCES/MagicAI_WorkCore_Selected/app/Domains/WorkCore/Database/Migrations/2026_07_23_120002_create_tz_company_roles_table.php | host:app/Domains/WorkCore/Database/Migrations/2026_07_23_120002_create_tz_company_roles_table.php
tz_company_settings,2,2,yes,13_HOST_INTEGRATION_REFERENCES/MagicAI_WorkCore_Selected | MagicAI + WorkCore host,donor:13_HOST_INTEGRATION_REFERENCES/MagicAI_WorkCore_Selected/app/Domains/WorkCore/Database/Migrations/2026_07_23_120030_create_tz_vertical_setup_tables.php | host:app/Domains/WorkCore/Database/Migrations/2026_07_23_120030_create_tz_vertical_setup_tables.php
tz_company_terminology_overrides,2,2,yes,13_HOST_INTEGRATION_REFERENCES/MagicAI_WorkCore_Selected | MagicAI + WorkCore host,donor:13_HOST_INTEGRATION_REFERENCES/MagicAI_WorkCore_Selected/app/Domains/WorkCore/Database/Migrations/2026_07_23_120029_create_tz_vertical_system_tables.php | host:app/Domains/WorkCore/Database/Migrations/2026_07_23_120029_create_tz_vertical_system_tables.php
tz_company_verticals,2,2,yes,13_HOST_INTEGRATION_REFERENCES/MagicAI_WorkCore_Selected | MagicAI + WorkCore host,donor:13_HOST_INTEGRATION_REFERENCES/MagicAI_WorkCore_Selected/app/Domains/WorkCore/Database/Migrations/2026_07_23_120029_create_tz_vertical_system_tables.php | host:app/Domains/WorkCore/Database/Migrations/2026_07_23_120029_create_tz_vertical_system_tables.php
tz_compliance_certificates,2,2,yes,13_HOST_INTEGRATION_REFERENCES/MagicAI_WorkCore_Selected | MagicAI + WorkCore host,donor:13_HOST_INTEGRATION_REFERENCES/MagicAI_WorkCore_Selected/app/Domains/WorkCore/Database/Migrations/2026_07_23_120033_create_tz_compliance_and_safety_tables.php | host:app/Domains/WorkCore/Database/Migrations/2026_07_23_120033_create_tz_compliance_and_safety_tables.php
tz_compliance_document_types,2,2,yes,13_HOST_INTEGRATION_REFERENCES/MagicAI_WorkCore_Selected | MagicAI + WorkCore host,donor:13_HOST_INTEGRATION_REFERENCES/MagicAI_WorkCore_Selected/app/Domains/WorkCore/Database/Migrations/2026_07_23_120055_create_tz_workforce_team_domains.php | host:app/Domains/WorkCore/Database/Migrations/2026_07_23_120055_create_tz_workforce_team_domains.php
tz_compliance_obligations,2,2,yes,13_HOST_INTEGRATION_REFERENCES/MagicAI_WorkCore_Selected | MagicAI + WorkCore host,donor:13_HOST_INTEGRATION_REFERENCES/MagicAI_WorkCore_Selected/app/Domains/WorkCore/Database/Migrations/2026_07_23_120033_create_tz_compliance_and_safety_tables.php | host:app/Domains/WorkCore/Database/Migrations/2026_07_23_120033_create_tz_compliance_and_safety_tables.php
tz_compliance_requirements,2,2,yes,13_HOST_INTEGRATION_REFERENCES/MagicAI_WorkCore_Selected | MagicAI + WorkCore host,donor:13_HOST_INTEGRATION_REFERENCES/MagicAI_WorkCore_Selected/app/Domains/WorkCore/Database/Migrations/2026_07_23_120033_create_tz_compliance_and_safety_tables.php | host:app/Domains/WorkCore/Database/Migrations/2026_07_23_120033_create_tz_compliance_and_safety_tables.php
tz_compliance_status_history,2,2,yes,13_HOST_INTEGRATION_REFERENCES/MagicAI_WorkCore_Selected | MagicAI + WorkCore host,donor:13_HOST_INTEGRATION_REFERENCES/MagicAI_WorkCore_Selected/app/Domains/WorkCore/Database/Migrations/2026_07_23_120033_create_tz_compliance_and_safety_tables.php | host:app/Domains/WorkCore/Database/Migrations/2026_07_23_120033_create_tz_compliance_and_safety_tables.php
tz_compliance_verifications,2,2,yes,13_HOST_INTEGRATION_REFERENCES/MagicAI_WorkCore_Selected | MagicAI + WorkCore host,donor:13_HOST_INTEGRATION_REFERENCES/MagicAI_WorkCore_Selected/app/Domains/WorkCore/Database/Migrations/2026_07_23_120055_create_tz_workforce_team_domains.php | host:app/Domains/WorkCore/Database/Migrations/2026_07_23_120055_create_tz_workforce_team_domains.php
tz_corrective_actions,2,2,yes,13_HOST_INTEGRATION_REFERENCES/MagicAI_WorkCore_Selected | MagicAI + WorkCore host,donor:13_HOST_INTEGRATION_REFERENCES/MagicAI_WorkCore_Selected/app/Domains/WorkCore/Database/Migrations/2026_07_23_120033_create_tz_compliance_and_safety_tables.php | host:app/Domains/WorkCore/Database/Migrations/2026_07_23_120033_create_tz_compliance_and_safety_tables.php
tz_crm_activities,2,2,yes,13_HOST_INTEGRATION_REFERENCES/MagicAI_WorkCore_Selected | MagicAI + WorkCore host,donor:13_HOST_INTEGRATION_REFERENCES/MagicAI_WorkCore_Selected/app/Domains/WorkCore/Database/Migrations/2026_07_23_120054_create_tz_sales_pipeline_tables.php | host:app/Domains/WorkCore/Database/Migrations/2026_07_23_120054_create_tz_sales_pipeline_tables.php
tz_customer_contacts,2,2,yes,13_HOST_INTEGRATION_REFERENCES/MagicAI_WorkCore_Selected | MagicAI + WorkCore host,donor:13_HOST_INTEGRATION_REFERENCES/MagicAI_WorkCore_Selected/app/Domains/WorkCore/Database/Migrations/2026_07_23_120005_create_tz_crm_tables.php | host:app/Domains/WorkCore/Database/Migrations/2026_07_23_120005_create_tz_crm_tables.php
tz_customers,2,2,yes,13_HOST_INTEGRATION_REFERENCES/MagicAI_WorkCore_Selected | MagicAI + WorkCore host,donor:13_HOST_INTEGRATION_REFERENCES/MagicAI_WorkCore_Selected/app/Domains/WorkCore/Database/Migrations/2026_07_23_120005_create_tz_crm_tables.php | host:app/Domains/WorkCore/Database/Migrations/2026_07_23_120005_create_tz_crm_tables.php
tz_dispatch_assignments,2,2,yes,13_HOST_INTEGRATION_REFERENCES/MagicAI_WorkCore_Selected | MagicAI + WorkCore host,donor:13_HOST_INTEGRATION_REFERENCES/MagicAI_WorkCore_Selected/app/Domains/WorkCore/Database/Migrations/2026_07_23_120014_create_tz_dispatch_tables.php | host:app/Domains/WorkCore/Database/Migrations/2026_07_23_120014_create_tz_dispatch_tables.php
tz_dispatch_events,2,2,yes,13_HOST_INTEGRATION_REFERENCES/MagicAI_WorkCore_Selected | MagicAI + WorkCore host,donor:13_HOST_INTEGRATION_REFERENCES/MagicAI_WorkCore_Selected/app/Domains/WorkCore/Database/Migrations/2026_07_23_120014_create_tz_dispatch_tables.php | host:app/Domains/WorkCore/Database/Migrations/2026_07_23_120014_create_tz_dispatch_tables.php
tz_districts,2,2,yes,13_HOST_INTEGRATION_REFERENCES/MagicAI_WorkCore_Selected | MagicAI + WorkCore host,donor:13_HOST_INTEGRATION_REFERENCES/MagicAI_WorkCore_Selected/app/Domains/WorkCore/Database/Migrations/2026_07_23_120037_create_tz_territory_tables.php | host:app/Domains/WorkCore/Database/Migrations/2026_07_23_120037_create_tz_territory_tables.php
tz_domain_events,3,3,yes,13_HOST_INTEGRATION_REFERENCES/MagicAI_WorkCore_Selected | MagicAI + WorkCore host | Titan Zero Chatbot PWA,donor:13_HOST_INTEGRATION_REFERENCES/MagicAI_WorkCore_Selected/app/Domains/WorkCore/Database/Migrations/2026_07_23_120007_create_tz_action_governance_tables.php | donor:03_LEARNER_PWA_AND_CHANNELS/Titan_Zero_Chatbot_PWA/System/TitanAI/workcore-runtime/native-runtime/app/Domains/WorkCore/database/migrations/2026_07_19_000008_create_tz_action_governance_tables.php | host:app/Domains/WorkCore/Database/Migrations/2026_07_23_120007_create_tz_action_governance_tables.php
tz_feedback_assignments,2,2,yes,13_HOST_INTEGRATION_REFERENCES/MagicAI_WorkCore_Selected | MagicAI + WorkCore host,donor:13_HOST_INTEGRATION_REFERENCES/MagicAI_WorkCore_Selected/app/Domains/WorkCore/Database/Migrations/2026_07_23_120034_merge_titan_feedback_into_workcore.php | host:app/Domains/WorkCore/Database/Migrations/2026_07_23_120034_merge_titan_feedback_into_workcore.php
tz_feedback_categories,2,2,yes,13_HOST_INTEGRATION_REFERENCES/MagicAI_WorkCore_Selected | MagicAI + WorkCore host,donor:13_HOST_INTEGRATION_REFERENCES/MagicAI_WorkCore_Selected/app/Domains/WorkCore/Database/Migrations/2026_07_23_120034_merge_titan_feedback_into_workcore.php | host:app/Domains/WorkCore/Database/Migrations/2026_07_23_120034_merge_titan_feedback_into_workcore.php
tz_feedback_channels,2,2,yes,13_HOST_INTEGRATION_REFERENCES/MagicAI_WorkCore_Selected | MagicAI + WorkCore host,donor:13_HOST_INTEGRATION_REFERENCES/MagicAI_WorkCore_Selected/app/Domains/WorkCore/Database/Migrations/2026_07_23_120034_merge_titan_feedback_into_workcore.php | host:app/Domains/WorkCore/Database/Migrations/2026_07_23_120034_merge_titan_feedback_into_workcore.php
tz_feedback_consents,2,2,yes,13_HOST_INTEGRATION_REFERENCES/MagicAI_WorkCore_Selected | MagicAI + WorkCore host,donor:13_HOST_INTEGRATION_REFERENCES/MagicAI_WorkCore_Selected/app/Domains/WorkCore/Database/Migrations/2026_07_23_120034_merge_titan_feedback_into_workcore.php | host:app/Domains/WorkCore/Database/Migrations/2026_07_23_120034_merge_titan_feedback_into_workcore.php
tz_feedback_file_links,2,2,yes,13_HOST_INTEGRATION_REFERENCES/MagicAI_WorkCore_Selected | MagicAI + WorkCore host,donor:13_HOST_INTEGRATION_REFERENCES/MagicAI_WorkCore_Selected/app/Domains/WorkCore/Database/Migrations/2026_07_23_120034_merge_titan_feedback_into_workcore.php | host:app/Domains/WorkCore/Database/Migrations/2026_07_23_120034_merge_titan_feedback_into_workcore.php
tz_feedback_insights,2,2,yes,13_HOST_INTEGRATION_REFERENCES/MagicAI_WorkCore_Selected | MagicAI + WorkCore host,donor:13_HOST_INTEGRATION_REFERENCES/MagicAI_WorkCore_Selected/app/Domains/WorkCore/Database/Migrations/2026_07_23_120034_merge_titan_feedback_into_workcore.php | host:app/Domains/WorkCore/Database/Migrations/2026_07_23_120034_merge_titan_feedback_into_workcore.php
tz_feedback_item_tag,2,2,yes,13_HOST_INTEGRATION_REFERENCES/MagicAI_WorkCore_Selected | MagicAI + WorkCore host,donor:13_HOST_INTEGRATION_REFERENCES/MagicAI_WorkCore_Selected/app/Domains/WorkCore/Database/Migrations/2026_07_23_120034_merge_titan_feedback_into_workcore.php | host:app/Domains/WorkCore/Database/Migrations/2026_07_23_120034_merge_titan_feedback_into_workcore.php
tz_feedback_items,2,2,yes,13_HOST_INTEGRATION_REFERENCES/MagicAI_WorkCore_Selected | MagicAI + WorkCore host,donor:13_HOST_INTEGRATION_REFERENCES/MagicAI_WorkCore_Selected/app/Domains/WorkCore/Database/Migrations/2026_07_23_120034_merge_titan_feedback_into_workcore.php | host:app/Domains/WorkCore/Database/Migrations/2026_07_23_120034_merge_titan_feedback_into_workcore.php
tz_feedback_legacy_mappings,2,2,yes,13_HOST_INTEGRATION_REFERENCES/MagicAI_WorkCore_Selected | MagicAI + WorkCore host,donor:13_HOST_INTEGRATION_REFERENCES/MagicAI_WorkCore_Selected/app/Domains/WorkCore/Database/Migrations/2026_07_23_120034_merge_titan_feedback_into_workcore.php | host:app/Domains/WorkCore/Database/Migrations/2026_07_23_120034_merge_titan_feedback_into_workcore.php
tz_feedback_links,2,2,yes,13_HOST_INTEGRATION_REFERENCES/MagicAI_WorkCore_Selected | MagicAI + WorkCore host,donor:13_HOST_INTEGRATION_REFERENCES/MagicAI_WorkCore_Selected/app/Domains/WorkCore/Database/Migrations/2026_07_23_120036_wire_feedback_across_workcore.php | host:app/Domains/WorkCore/Database/Migrations/2026_07_23_120036_wire_feedback_across_workcore.php
tz_feedback_messages,2,2,yes,13_HOST_INTEGRATION_REFERENCES/MagicAI_WorkCore_Selected | MagicAI + WorkCore host,donor:13_HOST_INTEGRATION_REFERENCES/MagicAI_WorkCore_Selected/app/Domains/WorkCore/Database/Migrations/2026_07_23_120034_merge_titan_feedback_into_workcore.php | host:app/Domains/WorkCore/Database/Migrations/2026_07_23_120034_merge_titan_feedback_into_workcore.php
tz_feedback_metric_snapshots,2,2,yes,13_HOST_INTEGRATION_REFERENCES/MagicAI_WorkCore_Selected | MagicAI + WorkCore host,donor:13_HOST_INTEGRATION_REFERENCES/MagicAI_WorkCore_Selected/app/Domains/WorkCore/Database/Migrations/2026_07_23_120034_merge_titan_feedback_into_workcore.php | host:app/Domains/WorkCore/Database/Migrations/2026_07_23_120034_merge_titan_feedback_into_workcore.php
tz_feedback_moderation_actions,2,2,yes,13_HOST_INTEGRATION_REFERENCES/MagicAI_WorkCore_Selected | MagicAI + WorkCore host,donor:13_HOST_INTEGRATION_REFERENCES/MagicAI_WorkCore_Selected/app/Domains/WorkCore/Database/Migrations/2026_07_23_120034_merge_titan_feedback_into_workcore.php | host:app/Domains/WorkCore/Database/Migrations/2026_07_23_120034_merge_titan_feedback_into_workcore.php
tz_feedback_requests,2,2,yes,13_HOST_INTEGRATION_REFERENCES/MagicAI_WorkCore_Selected | MagicAI + WorkCore host,donor:13_HOST_INTEGRATION_REFERENCES/MagicAI_WorkCore_Selected/app/Domains/WorkCore/Database/Migrations/2026_07_23_120034_merge_titan_feedback_into_workcore.php | host:app/Domains/WorkCore/Database/Migrations/2026_07_23_120034_merge_titan_feedback_into_workcore.php
tz_feedback_service_recoveries,2,2,yes,13_HOST_INTEGRATION_REFERENCES/MagicAI_WorkCore_Selected | MagicAI + WorkCore host,donor:13_HOST_INTEGRATION_REFERENCES/MagicAI_WorkCore_Selected/app/Domains/WorkCore/Database/Migrations/2026_07_23_120034_merge_titan_feedback_into_workcore.php | host:app/Domains/WorkCore/Database/Migrations/2026_07_23_120034_merge_titan_feedback_into_workcore.php
tz_feedback_survey_answers,2,2,yes,13_HOST_INTEGRATION_REFERENCES/MagicAI_WorkCore_Selected | MagicAI + WorkCore host,donor:13_HOST_INTEGRATION_REFERENCES/MagicAI_WorkCore_Selected/app/Domains/WorkCore/Database/Migrations/2026_07_23_120034_merge_titan_feedback_into_workcore.php | host:app/Domains/WorkCore/Database/Migrations/2026_07_23_120034_merge_titan_feedback_into_workcore.php
tz_feedback_survey_questions,2,2,yes,13_HOST_INTEGRATION_REFERENCES/MagicAI_WorkCore_Selected | MagicAI + WorkCore host,donor:13_HOST_INTEGRATION_REFERENCES/MagicAI_WorkCore_Selected/app/Domains/WorkCore/Database/Migrations/2026_07_23_120034_merge_titan_feedback_into_workcore.php | host:app/Domains/WorkCore/Database/Migrations/2026_07_23_120034_merge_titan_feedback_into_workcore.php
tz_feedback_survey_responses,2,2,yes,13_HOST_INTEGRATION_REFERENCES/MagicAI_WorkCore_Selected | MagicAI + WorkCore host,donor:13_HOST_INTEGRATION_REFERENCES/MagicAI_WorkCore_Selected/app/Domains/WorkCore/Database/Migrations/2026_07_23_120034_merge_titan_feedback_into_workcore.php | host:app/Domains/WorkCore/Database/Migrations/2026_07_23_120034_merge_titan_feedback_into_workcore.php
tz_feedback_surveys,2,2,yes,13_HOST_INTEGRATION_REFERENCES/MagicAI_WorkCore_Selected | MagicAI + WorkCore host,donor:13_HOST_INTEGRATION_REFERENCES/MagicAI_WorkCore_Selected/app/Domains/WorkCore/Database/Migrations/2026_07_23_120034_merge_titan_feedback_into_workcore.php | host:app/Domains/WorkCore/Database/Migrations/2026_07_23_120034_merge_titan_feedback_into_workcore.php
tz_feedback_tags,2,2,yes,13_HOST_INTEGRATION_REFERENCES/MagicAI_WorkCore_Selected | MagicAI + WorkCore host,donor:13_HOST_INTEGRATION_REFERENCES/MagicAI_WorkCore_Selected/app/Domains/WorkCore/Database/Migrations/2026_07_23_120034_merge_titan_feedback_into_workcore.php | host:app/Domains/WorkCore/Database/Migrations/2026_07_23_120034_merge_titan_feedback_into_workcore.php
tz_feedback_tokens,2,2,yes,13_HOST_INTEGRATION_REFERENCES/MagicAI_WorkCore_Selected | MagicAI + WorkCore host,donor:13_HOST_INTEGRATION_REFERENCES/MagicAI_WorkCore_Selected/app/Domains/WorkCore/Database/Migrations/2026_07_23_120034_merge_titan_feedback_into_workcore.php | host:app/Domains/WorkCore/Database/Migrations/2026_07_23_120034_merge_titan_feedback_into_workcore.php
tz_feedback_transitions,2,2,yes,13_HOST_INTEGRATION_REFERENCES/MagicAI_WorkCore_Selected | MagicAI + WorkCore host,donor:13_HOST_INTEGRATION_REFERENCES/MagicAI_WorkCore_Selected/app/Domains/WorkCore/Database/Migrations/2026_07_23_120034_merge_titan_feedback_into_workcore.php | host:app/Domains/WorkCore/Database/Migrations/2026_07_23_120034_merge_titan_feedback_into_workcore.php
tz_fleet_assignments,2,2,yes,13_HOST_INTEGRATION_REFERENCES/MagicAI_WorkCore_Selected | MagicAI + WorkCore host,donor:13_HOST_INTEGRATION_REFERENCES/MagicAI_WorkCore_Selected/app/Domains/WorkCore/Database/Migrations/2026_07_23_120027_expand_premises_supply_fleet_and_repairs.php | host:app/Domains/WorkCore/Database/Migrations/2026_07_23_120027_expand_premises_supply_fleet_and_repairs.php
tz_fleet_mileage_logs,2,2,yes,13_HOST_INTEGRATION_REFERENCES/MagicAI_WorkCore_Selected | MagicAI + WorkCore host,donor:13_HOST_INTEGRATION_REFERENCES/MagicAI_WorkCore_Selected/app/Domains/WorkCore/Database/Migrations/2026_07_23_120027_expand_premises_supply_fleet_and_repairs.php | host:app/Domains/WorkCore/Database/Migrations/2026_07_23_120027_expand_premises_supply_fleet_and_repairs.php
tz_fleet_vehicles,2,2,yes,13_HOST_INTEGRATION_REFERENCES/MagicAI_WorkCore_Selected | MagicAI + WorkCore host,donor:13_HOST_INTEGRATION_REFERENCES/MagicAI_WorkCore_Selected/app/Domains/WorkCore/Database/Migrations/2026_07_23_120027_expand_premises_supply_fleet_and_repairs.php | host:app/Domains/WorkCore/Database/Migrations/2026_07_23_120027_expand_premises_supply_fleet_and_repairs.php
tz_form_evidence,2,2,yes,13_HOST_INTEGRATION_REFERENCES/MagicAI_WorkCore_Selected | MagicAI + WorkCore host,donor:13_HOST_INTEGRATION_REFERENCES/MagicAI_WorkCore_Selected/app/Domains/WorkCore/Database/Migrations/2026_07_23_120019_create_tz_forms_and_checklists_tables.php | host:app/Domains/WorkCore/Database/Migrations/2026_07_23_120019_create_tz_forms_and_checklists_tables.php
tz_form_failures,2,2,yes,13_HOST_INTEGRATION_REFERENCES/MagicAI_WorkCore_Selected | MagicAI + WorkCore host,donor:13_HOST_INTEGRATION_REFERENCES/MagicAI_WorkCore_Selected/app/Domains/WorkCore/Database/Migrations/2026_07_23_120019_create_tz_forms_and_checklists_tables.php | host:app/Domains/WorkCore/Database/Migrations/2026_07_23_120019_create_tz_forms_and_checklists_tables.php
tz_form_responses,2,2,yes,13_HOST_INTEGRATION_REFERENCES/MagicAI_WorkCore_Selected | MagicAI + WorkCore host,donor:13_HOST_INTEGRATION_REFERENCES/MagicAI_WorkCore_Selected/app/Domains/WorkCore/Database/Migrations/2026_07_23_120019_create_tz_forms_and_checklists_tables.php | host:app/Domains/WorkCore/Database/Migrations/2026_07_23_120019_create_tz_forms_and_checklists_tables.php
tz_form_submissions,2,2,yes,13_HOST_INTEGRATION_REFERENCES/MagicAI_WorkCore_Selected | MagicAI + WorkCore host,donor:13_HOST_INTEGRATION_REFERENCES/MagicAI_WorkCore_Selected/app/Domains/WorkCore/Database/Migrations/2026_07_23_120019_create_tz_forms_and_checklists_tables.php | host:app/Domains/WorkCore/Database/Migrations/2026_07_23_120019_create_tz_forms_and_checklists_tables.php
tz_form_template_fields,2,2,yes,13_HOST_INTEGRATION_REFERENCES/MagicAI_WorkCore_Selected | MagicAI + WorkCore host,donor:13_HOST_INTEGRATION_REFERENCES/MagicAI_WorkCore_Selected/app/Domains/WorkCore/Database/Migrations/2026_07_23_120019_create_tz_forms_and_checklists_tables.php | host:app/Domains/WorkCore/Database/Migrations/2026_07_23_120019_create_tz_forms_and_checklists_tables.php
tz_form_template_sections,2,2,yes,13_HOST_INTEGRATION_REFERENCES/MagicAI_WorkCore_Selected | MagicAI + WorkCore host,donor:13_HOST_INTEGRATION_REFERENCES/MagicAI_WorkCore_Selected/app/Domains/WorkCore/Database/Migrations/2026_07_23_120019_create_tz_forms_and_checklists_tables.php | host:app/Domains/WorkCore/Database/Migrations/2026_07_23_120019_create_tz_forms_and_checklists_tables.php
tz_form_templates,2,2,yes,13_HOST_INTEGRATION_REFERENCES/MagicAI_WorkCore_Selected | MagicAI + WorkCore host,donor:13_HOST_INTEGRATION_REFERENCES/MagicAI_WorkCore_Selected/app/Domains/WorkCore/Database/Migrations/2026_07_23_120019_create_tz_forms_and_checklists_tables.php | host:app/Domains/WorkCore/Database/Migrations/2026_07_23_120019_create_tz_forms_and_checklists_tables.php
tz_goods_receipt_items,2,2,yes,13_HOST_INTEGRATION_REFERENCES/MagicAI_WorkCore_Selected | MagicAI + WorkCore host,donor:13_HOST_INTEGRATION_REFERENCES/MagicAI_WorkCore_Selected/app/Domains/WorkCore/Database/Migrations/2026_07_23_120027_expand_premises_supply_fleet_and_repairs.php | host:app/Domains/WorkCore/Database/Migrations/2026_07_23_120027_expand_premises_supply_fleet_and_repairs.php
tz_goods_receipts,2,2,yes,13_HOST_INTEGRATION_REFERENCES/MagicAI_WorkCore_Selected | MagicAI + WorkCore host,donor:13_HOST_INTEGRATION_REFERENCES/MagicAI_WorkCore_Selected/app/Domains/WorkCore/Database/Migrations/2026_07_23_120027_expand_premises_supply_fleet_and_repairs.php | host:app/Domains/WorkCore/Database/Migrations/2026_07_23_120027_expand_premises_supply_fleet_and_repairs.php
tz_hazards,2,2,yes,13_HOST_INTEGRATION_REFERENCES/MagicAI_WorkCore_Selected | MagicAI + WorkCore host,donor:13_HOST_INTEGRATION_REFERENCES/MagicAI_WorkCore_Selected/app/Domains/WorkCore/Database/Migrations/2026_07_23_120033_create_tz_compliance_and_safety_tables.php | host:app/Domains/WorkCore/Database/Migrations/2026_07_23_120033_create_tz_compliance_and_safety_tables.php
tz_inventory_categories,2,2,yes,13_HOST_INTEGRATION_REFERENCES/MagicAI_WorkCore_Selected | MagicAI + WorkCore host,donor:13_HOST_INTEGRATION_REFERENCES/MagicAI_WorkCore_Selected/app/Domains/WorkCore/Database/Migrations/2026_07_23_120027_expand_premises_supply_fleet_and_repairs.php | host:app/Domains/WorkCore/Database/Migrations/2026_07_23_120027_expand_premises_supply_fleet_and_repairs.php
tz_inventory_items,2,2,yes,13_HOST_INTEGRATION_REFERENCES/MagicAI_WorkCore_Selected | MagicAI + WorkCore host,donor:13_HOST_INTEGRATION_REFERENCES/MagicAI_WorkCore_Selected/app/Domains/WorkCore/Database/Migrations/2026_07_23_120018_create_tz_inventory_and_material_tables.php | host:app/Domains/WorkCore/Database/Migrations/2026_07_23_120018_create_tz_inventory_and_material_tables.php
tz_job_application_notes,2,2,yes,13_HOST_INTEGRATION_REFERENCES/MagicAI_WorkCore_Selected | MagicAI + WorkCore host,donor:13_HOST_INTEGRATION_REFERENCES/MagicAI_WorkCore_Selected/app/Domains/WorkCore/Database/Migrations/2026_07_23_120055_create_tz_workforce_team_domains.php | host:app/Domains/WorkCore/Database/Migrations/2026_07_23_120055_create_tz_workforce_team_domains.php
tz_job_applications,2,2,yes,13_HOST_INTEGRATION_REFERENCES/MagicAI_WorkCore_Selected | MagicAI + WorkCore host,donor:13_HOST_INTEGRATION_REFERENCES/MagicAI_WorkCore_Selected/app/Domains/WorkCore/Database/Migrations/2026_07_23_120055_create_tz_workforce_team_domains.php | host:app/Domains/WorkCore/Database/Migrations/2026_07_23_120055_create_tz_workforce_team_domains.php
tz_job_templates,2,2,yes,13_HOST_INTEGRATION_REFERENCES/MagicAI_WorkCore_Selected | MagicAI + WorkCore host,donor:13_HOST_INTEGRATION_REFERENCES/MagicAI_WorkCore_Selected/app/Domains/WorkCore/Database/Migrations/2026_07_23_120011_create_tz_service_catalogue_tables.php | host:app/Domains/WorkCore/Database/Migrations/2026_07_23_120011_create_tz_service_catalogue_tables.php
tz_job_vacancies,2,2,yes,13_HOST_INTEGRATION_REFERENCES/MagicAI_WorkCore_Selected | MagicAI + WorkCore host,donor:13_HOST_INTEGRATION_REFERENCES/MagicAI_WorkCore_Selected/app/Domains/WorkCore/Database/Migrations/2026_07_23_120055_create_tz_workforce_team_domains.php | host:app/Domains/WorkCore/Database/Migrations/2026_07_23_120055_create_tz_workforce_team_domains.php
tz_kb_article_feedback,2,2,yes,13_HOST_INTEGRATION_REFERENCES/MagicAI_WorkCore_Selected | MagicAI + WorkCore host,donor:13_HOST_INTEGRATION_REFERENCES/MagicAI_WorkCore_Selected/app/Domains/WorkCore/Database/Migrations/2026_07_23_120022_create_tz_knowledge_base_tables.php | host:app/Domains/WorkCore/Database/Migrations/2026_07_23_120022_create_tz_knowledge_base_tables.php
tz_kb_article_status_history,2,2,yes,13_HOST_INTEGRATION_REFERENCES/MagicAI_WorkCore_Selected | MagicAI + WorkCore host,donor:13_HOST_INTEGRATION_REFERENCES/MagicAI_WorkCore_Selected/app/Domains/WorkCore/Database/Migrations/2026_07_23_120022_create_tz_knowledge_base_tables.php | host:app/Domains/WorkCore/Database/Migrations/2026_07_23_120022_create_tz_knowledge_base_tables.php
tz_kb_article_tags,2,2,yes,13_HOST_INTEGRATION_REFERENCES/MagicAI_WorkCore_Selected | MagicAI + WorkCore host,donor:13_HOST_INTEGRATION_REFERENCES/MagicAI_WorkCore_Selected/app/Domains/WorkCore/Database/Migrations/2026_07_23_120022_create_tz_knowledge_base_tables.php | host:app/Domains/WorkCore/Database/Migrations/2026_07_23_120022_create_tz_knowledge_base_tables.php
tz_kb_article_versions,2,2,yes,13_HOST_INTEGRATION_REFERENCES/MagicAI_WorkCore_Selected | MagicAI + WorkCore host,donor:13_HOST_INTEGRATION_REFERENCES/MagicAI_WorkCore_Selected/app/Domains/WorkCore/Database/Migrations/2026_07_23_120022_create_tz_knowledge_base_tables.php | host:app/Domains/WorkCore/Database/Migrations/2026_07_23_120022_create_tz_knowledge_base_tables.php
tz_kb_articles,2,2,yes,13_HOST_INTEGRATION_REFERENCES/MagicAI_WorkCore_Selected | MagicAI + WorkCore host,donor:13_HOST_INTEGRATION_REFERENCES/MagicAI_WorkCore_Selected/app/Domains/WorkCore/Database/Migrations/2026_07_23_120022_create_tz_knowledge_base_tables.php | host:app/Domains/WorkCore/Database/Migrations/2026_07_23_120022_create_tz_knowledge_base_tables.php
tz_kb_categories,2,2,yes,13_HOST_INTEGRATION_REFERENCES/MagicAI_WorkCore_Selected | MagicAI + WorkCore host,donor:13_HOST_INTEGRATION_REFERENCES/MagicAI_WorkCore_Selected/app/Domains/WorkCore/Database/Migrations/2026_07_23_120022_create_tz_knowledge_base_tables.php | host:app/Domains/WorkCore/Database/Migrations/2026_07_23_120022_create_tz_knowledge_base_tables.php
tz_kb_tags,2,2,yes,13_HOST_INTEGRATION_REFERENCES/MagicAI_WorkCore_Selected | MagicAI + WorkCore host,donor:13_HOST_INTEGRATION_REFERENCES/MagicAI_WorkCore_Selected/app/Domains/WorkCore/Database/Migrations/2026_07_23_120022_create_tz_knowledge_base_tables.php | host:app/Domains/WorkCore/Database/Migrations/2026_07_23_120022_create_tz_knowledge_base_tables.php
tz_lead_activities,2,2,yes,13_HOST_INTEGRATION_REFERENCES/MagicAI_WorkCore_Selected | MagicAI + WorkCore host,donor:13_HOST_INTEGRATION_REFERENCES/MagicAI_WorkCore_Selected/app/Domains/WorkCore/Database/Migrations/2026_07_23_120009_complete_tz_crm_foundation.php | host:app/Domains/WorkCore/Database/Migrations/2026_07_23_120009_complete_tz_crm_foundation.php
tz_lead_sources,2,2,yes,13_HOST_INTEGRATION_REFERENCES/MagicAI_WorkCore_Selected | MagicAI + WorkCore host,donor:13_HOST_INTEGRATION_REFERENCES/MagicAI_WorkCore_Selected/app/Domains/WorkCore/Database/Migrations/2026_07_23_120009_complete_tz_crm_foundation.php | host:app/Domains/WorkCore/Database/Migrations/2026_07_23_120009_complete_tz_crm_foundation.php
tz_lead_statuses,2,2,yes,13_HOST_INTEGRATION_REFERENCES/MagicAI_WorkCore_Selected | MagicAI + WorkCore host,donor:13_HOST_INTEGRATION_REFERENCES/MagicAI_WorkCore_Selected/app/Domains/WorkCore/Database/Migrations/2026_07_23_120009_complete_tz_crm_foundation.php | host:app/Domains/WorkCore/Database/Migrations/2026_07_23_120009_complete_tz_crm_foundation.php
tz_leads,2,2,yes,13_HOST_INTEGRATION_REFERENCES/MagicAI_WorkCore_Selected | MagicAI + WorkCore host,donor:13_HOST_INTEGRATION_REFERENCES/MagicAI_WorkCore_Selected/app/Domains/WorkCore/Database/Migrations/2026_07_23_120005_create_tz_crm_tables.php | host:app/Domains/WorkCore/Database/Migrations/2026_07_23_120005_create_tz_crm_tables.php
tz_leave_balances,2,2,yes,13_HOST_INTEGRATION_REFERENCES/MagicAI_WorkCore_Selected | MagicAI + WorkCore host,donor:13_HOST_INTEGRATION_REFERENCES/MagicAI_WorkCore_Selected/app/Domains/WorkCore/Database/Migrations/2026_07_23_120020_create_tz_attendance_and_leave_tables.php | host:app/Domains/WorkCore/Database/Migrations/2026_07_23_120020_create_tz_attendance_and_leave_tables.php
tz_leave_request_history,2,2,yes,13_HOST_INTEGRATION_REFERENCES/MagicAI_WorkCore_Selected | MagicAI + WorkCore host,donor:13_HOST_INTEGRATION_REFERENCES/MagicAI_WorkCore_Selected/app/Domains/WorkCore/Database/Migrations/2026_07_23_120020_create_tz_attendance_and_leave_tables.php | host:app/Domains/WorkCore/Database/Migrations/2026_07_23_120020_create_tz_attendance_and_leave_tables.php
tz_leave_requests,2,2,yes,13_HOST_INTEGRATION_REFERENCES/MagicAI_WorkCore_Selected | MagicAI + WorkCore host,donor:13_HOST_INTEGRATION_REFERENCES/MagicAI_WorkCore_Selected/app/Domains/WorkCore/Database/Migrations/2026_07_23_120020_create_tz_attendance_and_leave_tables.php | host:app/Domains/WorkCore/Database/Migrations/2026_07_23_120020_create_tz_attendance_and_leave_tables.php
tz_leave_types,2,2,yes,13_HOST_INTEGRATION_REFERENCES/MagicAI_WorkCore_Selected | MagicAI + WorkCore host,donor:13_HOST_INTEGRATION_REFERENCES/MagicAI_WorkCore_Selected/app/Domains/WorkCore/Database/Migrations/2026_07_23_120020_create_tz_attendance_and_leave_tables.php | host:app/Domains/WorkCore/Database/Migrations/2026_07_23_120020_create_tz_attendance_and_leave_tables.php
tz_ndis_case_notes,2,2,yes,13_HOST_INTEGRATION_REFERENCES/MagicAI_WorkCore_Selected | MagicAI + WorkCore host,donor:13_HOST_INTEGRATION_REFERENCES/MagicAI_WorkCore_Selected/app/Domains/WorkCore/Database/Migrations/2026_07_23_120096_create_tz_ndis_operations_tables.php | host:app/Domains/WorkCore/Database/Migrations/2026_07_23_120096_create_tz_ndis_operations_tables.php
tz_ndis_claim_lines,2,2,yes,13_HOST_INTEGRATION_REFERENCES/MagicAI_WorkCore_Selected | MagicAI + WorkCore host,donor:13_HOST_INTEGRATION_REFERENCES/MagicAI_WorkCore_Selected/app/Domains/WorkCore/Database/Migrations/2026_07_23_120096_create_tz_ndis_operations_tables.php | host:app/Domains/WorkCore/Database/Migrations/2026_07_23_120096_create_tz_ndis_operations_tables.php
tz_ndis_incident_links,2,2,yes,13_HOST_INTEGRATION_REFERENCES/MagicAI_WorkCore_Selected | MagicAI + WorkCore host,donor:13_HOST_INTEGRATION_REFERENCES/MagicAI_WorkCore_Selected/app/Domains/WorkCore/Database/Migrations/2026_07_23_120096_create_tz_ndis_operations_tables.php | host:app/Domains/WorkCore/Database/Migrations/2026_07_23_120096_create_tz_ndis_operations_tables.php
tz_ndis_participant_contacts,2,2,yes,13_HOST_INTEGRATION_REFERENCES/MagicAI_WorkCore_Selected | MagicAI + WorkCore host,donor:13_HOST_INTEGRATION_REFERENCES/MagicAI_WorkCore_Selected/app/Domains/WorkCore/Database/Migrations/2026_07_23_120096_create_tz_ndis_operations_tables.php | host:app/Domains/WorkCore/Database/Migrations/2026_07_23_120096_create_tz_ndis_operations_tables.php
tz_ndis_participant_goals,2,2,yes,13_HOST_INTEGRATION_REFERENCES/MagicAI_WorkCore_Selected | MagicAI + WorkCore host,donor:13_HOST_INTEGRATION_REFERENCES/MagicAI_WorkCore_Selected/app/Domains/WorkCore/Database/Migrations/2026_07_23_120096_create_tz_ndis_operations_tables.php | host:app/Domains/WorkCore/Database/Migrations/2026_07_23_120096_create_tz_ndis_operations_tables.php
tz_ndis_participants,2,2,yes,13_HOST_INTEGRATION_REFERENCES/MagicAI_WorkCore_Selected | MagicAI + WorkCore host,donor:13_HOST_INTEGRATION_REFERENCES/MagicAI_WorkCore_Selected/app/Domains/WorkCore/Database/Migrations/2026_07_23_120096_create_tz_ndis_operations_tables.php | host:app/Domains/WorkCore/Database/Migrations/2026_07_23_120096_create_tz_ndis_operations_tables.php
tz_ndis_plan_budgets,2,2,yes,13_HOST_INTEGRATION_REFERENCES/MagicAI_WorkCore_Selected | MagicAI + WorkCore host,donor:13_HOST_INTEGRATION_REFERENCES/MagicAI_WorkCore_Selected/app/Domains/WorkCore/Database/Migrations/2026_07_23_120096_create_tz_ndis_operations_tables.php | host:app/Domains/WorkCore/Database/Migrations/2026_07_23_120096_create_tz_ndis_operations_tables.php
tz_ndis_plans,2,2,yes,13_HOST_INTEGRATION_REFERENCES/MagicAI_WorkCore_Selected | MagicAI + WorkCore host,donor:13_HOST_INTEGRATION_REFERENCES/MagicAI_WorkCore_Selected/app/Domains/WorkCore/Database/Migrations/2026_07_23_120096_create_tz_ndis_operations_tables.php | host:app/Domains/WorkCore/Database/Migrations/2026_07_23_120096_create_tz_ndis_operations_tables.php
tz_ndis_service_agreement_items,2,2,yes,13_HOST_INTEGRATION_REFERENCES/MagicAI_WorkCore_Selected | MagicAI + WorkCore host,donor:13_HOST_INTEGRATION_REFERENCES/MagicAI_WorkCore_Selected/app/Domains/WorkCore/Database/Migrations/2026_07_23_120096_create_tz_ndis_operations_tables.php | host:app/Domains/WorkCore/Database/Migrations/2026_07_23_120096_create_tz_ndis_operations_tables.php
tz_ndis_service_agreements,2,2,yes,13_HOST_INTEGRATION_REFERENCES/MagicAI_WorkCore_Selected | MagicAI + WorkCore host,donor:13_HOST_INTEGRATION_REFERENCES/MagicAI_WorkCore_Selected/app/Domains/WorkCore/Database/Migrations/2026_07_23_120096_create_tz_ndis_operations_tables.php | host:app/Domains/WorkCore/Database/Migrations/2026_07_23_120096_create_tz_ndis_operations_tables.php
tz_ndis_support_deliveries,2,2,yes,13_HOST_INTEGRATION_REFERENCES/MagicAI_WorkCore_Selected | MagicAI + WorkCore host,donor:13_HOST_INTEGRATION_REFERENCES/MagicAI_WorkCore_Selected/app/Domains/WorkCore/Database/Migrations/2026_07_23_120096_create_tz_ndis_operations_tables.php | host:app/Domains/WorkCore/Database/Migrations/2026_07_23_120096_create_tz_ndis_operations_tables.php
tz_ndis_worker_matches,2,2,yes,13_HOST_INTEGRATION_REFERENCES/MagicAI_WorkCore_Selected | MagicAI + WorkCore host,donor:13_HOST_INTEGRATION_REFERENCES/MagicAI_WorkCore_Selected/app/Domains/WorkCore/Database/Migrations/2026_07_23_120096_create_tz_ndis_operations_tables.php | host:app/Domains/WorkCore/Database/Migrations/2026_07_23_120096_create_tz_ndis_operations_tables.php
tz_offer_letters,2,2,yes,13_HOST_INTEGRATION_REFERENCES/MagicAI_WorkCore_Selected | MagicAI + WorkCore host,donor:13_HOST_INTEGRATION_REFERENCES/MagicAI_WorkCore_Selected/app/Domains/WorkCore/Database/Migrations/2026_07_23_120055_create_tz_workforce_team_domains.php | host:app/Domains/WorkCore/Database/Migrations/2026_07_23_120055_create_tz_workforce_team_domains.php
tz_onboarding_template_tasks,2,2,yes,13_HOST_INTEGRATION_REFERENCES/MagicAI_WorkCore_Selected | MagicAI + WorkCore host,donor:13_HOST_INTEGRATION_REFERENCES/MagicAI_WorkCore_Selected/app/Domains/WorkCore/Database/Migrations/2026_07_23_120055_create_tz_workforce_team_domains.php | host:app/Domains/WorkCore/Database/Migrations/2026_07_23_120055_create_tz_workforce_team_domains.php
tz_onboarding_templates,2,2,yes,13_HOST_INTEGRATION_REFERENCES/MagicAI_WorkCore_Selected | MagicAI + WorkCore host,donor:13_HOST_INTEGRATION_REFERENCES/MagicAI_WorkCore_Selected/app/Domains/WorkCore/Database/Migrations/2026_07_23_120055_create_tz_workforce_team_domains.php | host:app/Domains/WorkCore/Database/Migrations/2026_07_23_120055_create_tz_workforce_team_domains.php
tz_opportunities,2,2,yes,13_HOST_INTEGRATION_REFERENCES/MagicAI_WorkCore_Selected | MagicAI + WorkCore host,donor:13_HOST_INTEGRATION_REFERENCES/MagicAI_WorkCore_Selected/app/Domains/WorkCore/Database/Migrations/2026_07_23_120054_create_tz_sales_pipeline_tables.php | host:app/Domains/WorkCore/Database/Migrations/2026_07_23_120054_create_tz_sales_pipeline_tables.php
tz_outbox_messages,2,2,yes,13_HOST_INTEGRATION_REFERENCES/MagicAI_WorkCore_Selected | MagicAI + WorkCore host,donor:13_HOST_INTEGRATION_REFERENCES/MagicAI_WorkCore_Selected/app/Domains/WorkCore/Database/Migrations/2026_07_23_120008_create_tz_outbox_messages_table.php | host:app/Domains/WorkCore/Database/Migrations/2026_07_23_120008_create_tz_outbox_messages_table.php
tz_overtime_policies,2,2,yes,13_HOST_INTEGRATION_REFERENCES/MagicAI_WorkCore_Selected | MagicAI + WorkCore host,donor:13_HOST_INTEGRATION_REFERENCES/MagicAI_WorkCore_Selected/app/Domains/WorkCore/Database/Migrations/2026_07_23_120055_create_tz_workforce_team_domains.php | host:app/Domains/WorkCore/Database/Migrations/2026_07_23_120055_create_tz_workforce_team_domains.php
tz_overtime_requests,2,2,yes,13_HOST_INTEGRATION_REFERENCES/MagicAI_WorkCore_Selected | MagicAI + WorkCore host,donor:13_HOST_INTEGRATION_REFERENCES/MagicAI_WorkCore_Selected/app/Domains/WorkCore/Database/Migrations/2026_07_23_120055_create_tz_workforce_team_domains.php | host:app/Domains/WorkCore/Database/Migrations/2026_07_23_120055_create_tz_workforce_team_domains.php
tz_pay_codes,2,2,yes,13_HOST_INTEGRATION_REFERENCES/MagicAI_WorkCore_Selected | MagicAI + WorkCore host,donor:13_HOST_INTEGRATION_REFERENCES/MagicAI_WorkCore_Selected/app/Domains/WorkCore/Database/Migrations/2026_07_23_120055_create_tz_workforce_team_domains.php | host:app/Domains/WorkCore/Database/Migrations/2026_07_23_120055_create_tz_workforce_team_domains.php
tz_payroll_approvals,2,2,yes,13_HOST_INTEGRATION_REFERENCES/MagicAI_WorkCore_Selected | MagicAI + WorkCore host,donor:13_HOST_INTEGRATION_REFERENCES/MagicAI_WorkCore_Selected/app/Domains/WorkCore/Database/Migrations/2026_07_23_120055_create_tz_workforce_team_domains.php | host:app/Domains/WorkCore/Database/Migrations/2026_07_23_120055_create_tz_workforce_team_domains.php
tz_payroll_cycles,2,2,yes,13_HOST_INTEGRATION_REFERENCES/MagicAI_WorkCore_Selected | MagicAI + WorkCore host,donor:13_HOST_INTEGRATION_REFERENCES/MagicAI_WorkCore_Selected/app/Domains/WorkCore/Database/Migrations/2026_07_23_120055_create_tz_workforce_team_domains.php | host:app/Domains/WorkCore/Database/Migrations/2026_07_23_120055_create_tz_workforce_team_domains.php
tz_payroll_journal_exports,2,2,yes,13_HOST_INTEGRATION_REFERENCES/MagicAI_WorkCore_Selected | MagicAI + WorkCore host,donor:13_HOST_INTEGRATION_REFERENCES/MagicAI_WorkCore_Selected/app/Domains/WorkCore/Database/Migrations/2026_07_23_120055_create_tz_workforce_team_domains.php | host:app/Domains/WorkCore/Database/Migrations/2026_07_23_120055_create_tz_workforce_team_domains.php
tz_payroll_lines,2,2,yes,13_HOST_INTEGRATION_REFERENCES/MagicAI_WorkCore_Selected | MagicAI + WorkCore host,donor:13_HOST_INTEGRATION_REFERENCES/MagicAI_WorkCore_Selected/app/Domains/WorkCore/Database/Migrations/2026_07_23_120055_create_tz_workforce_team_domains.php | host:app/Domains/WorkCore/Database/Migrations/2026_07_23_120055_create_tz_workforce_team_domains.php
tz_payroll_period_locks,2,2,yes,13_HOST_INTEGRATION_REFERENCES/MagicAI_WorkCore_Selected | MagicAI + WorkCore host,donor:13_HOST_INTEGRATION_REFERENCES/MagicAI_WorkCore_Selected/app/Domains/WorkCore/Database/Migrations/2026_07_23_120055_create_tz_workforce_team_domains.php | host:app/Domains/WorkCore/Database/Migrations/2026_07_23_120055_create_tz_workforce_team_domains.php
tz_payroll_run_workers,2,2,yes,13_HOST_INTEGRATION_REFERENCES/MagicAI_WorkCore_Selected | MagicAI + WorkCore host,donor:13_HOST_INTEGRATION_REFERENCES/MagicAI_WorkCore_Selected/app/Domains/WorkCore/Database/Migrations/2026_07_23_120055_create_tz_workforce_team_domains.php | host:app/Domains/WorkCore/Database/Migrations/2026_07_23_120055_create_tz_workforce_team_domains.php
tz_payroll_runs,2,2,yes,13_HOST_INTEGRATION_REFERENCES/MagicAI_WorkCore_Selected | MagicAI + WorkCore host,donor:13_HOST_INTEGRATION_REFERENCES/MagicAI_WorkCore_Selected/app/Domains/WorkCore/Database/Migrations/2026_07_23_120055_create_tz_workforce_team_domains.php | host:app/Domains/WorkCore/Database/Migrations/2026_07_23_120055_create_tz_workforce_team_domains.php
tz_payroll_settings,2,2,yes,13_HOST_INTEGRATION_REFERENCES/MagicAI_WorkCore_Selected | MagicAI + WorkCore host,donor:13_HOST_INTEGRATION_REFERENCES/MagicAI_WorkCore_Selected/app/Domains/WorkCore/Database/Migrations/2026_07_23_120055_create_tz_workforce_team_domains.php | host:app/Domains/WorkCore/Database/Migrations/2026_07_23_120055_create_tz_workforce_team_domains.php
tz_payslips,2,2,yes,13_HOST_INTEGRATION_REFERENCES/MagicAI_WorkCore_Selected | MagicAI + WorkCore host,donor:13_HOST_INTEGRATION_REFERENCES/MagicAI_WorkCore_Selected/app/Domains/WorkCore/Database/Migrations/2026_07_23_120055_create_tz_workforce_team_domains.php | host:app/Domains/WorkCore/Database/Migrations/2026_07_23_120055_create_tz_workforce_team_domains.php
tz_performance_checkins,2,2,yes,13_HOST_INTEGRATION_REFERENCES/MagicAI_WorkCore_Selected | MagicAI + WorkCore host,donor:13_HOST_INTEGRATION_REFERENCES/MagicAI_WorkCore_Selected/app/Domains/WorkCore/Database/Migrations/2026_07_23_120055_create_tz_workforce_team_domains.php | host:app/Domains/WorkCore/Database/Migrations/2026_07_23_120055_create_tz_workforce_team_domains.php
tz_performance_cycles,2,2,yes,13_HOST_INTEGRATION_REFERENCES/MagicAI_WorkCore_Selected | MagicAI + WorkCore host,donor:13_HOST_INTEGRATION_REFERENCES/MagicAI_WorkCore_Selected/app/Domains/WorkCore/Database/Migrations/2026_07_23_120055_create_tz_workforce_team_domains.php | host:app/Domains/WorkCore/Database/Migrations/2026_07_23_120055_create_tz_workforce_team_domains.php
tz_performance_key_results,2,2,yes,13_HOST_INTEGRATION_REFERENCES/MagicAI_WorkCore_Selected | MagicAI + WorkCore host,donor:13_HOST_INTEGRATION_REFERENCES/MagicAI_WorkCore_Selected/app/Domains/WorkCore/Database/Migrations/2026_07_23_120055_create_tz_workforce_team_domains.php | host:app/Domains/WorkCore/Database/Migrations/2026_07_23_120055_create_tz_workforce_team_domains.php
tz_performance_meeting_actions,2,2,yes,13_HOST_INTEGRATION_REFERENCES/MagicAI_WorkCore_Selected | MagicAI + WorkCore host,donor:13_HOST_INTEGRATION_REFERENCES/MagicAI_WorkCore_Selected/app/Domains/WorkCore/Database/Migrations/2026_07_23_120055_create_tz_workforce_team_domains.php | host:app/Domains/WorkCore/Database/Migrations/2026_07_23_120055_create_tz_workforce_team_domains.php
tz_performance_meetings,2,2,yes,13_HOST_INTEGRATION_REFERENCES/MagicAI_WorkCore_Selected | MagicAI + WorkCore host,donor:13_HOST_INTEGRATION_REFERENCES/MagicAI_WorkCore_Selected/app/Domains/WorkCore/Database/Migrations/2026_07_23_120055_create_tz_workforce_team_domains.php | host:app/Domains/WorkCore/Database/Migrations/2026_07_23_120055_create_tz_workforce_team_domains.php
tz_performance_objectives,2,2,yes,13_HOST_INTEGRATION_REFERENCES/MagicAI_WorkCore_Selected | MagicAI + WorkCore host,donor:13_HOST_INTEGRATION_REFERENCES/MagicAI_WorkCore_Selected/app/Domains/WorkCore/Database/Migrations/2026_07_23_120055_create_tz_workforce_team_domains.php | host:app/Domains/WorkCore/Database/Migrations/2026_07_23_120055_create_tz_workforce_team_domains.php
tz_performance_reviews,2,2,yes,13_HOST_INTEGRATION_REFERENCES/MagicAI_WorkCore_Selected | MagicAI + WorkCore host,donor:13_HOST_INTEGRATION_REFERENCES/MagicAI_WorkCore_Selected/app/Domains/WorkCore/Database/Migrations/2026_07_23_120055_create_tz_workforce_team_domains.php | host:app/Domains/WorkCore/Database/Migrations/2026_07_23_120055_create_tz_workforce_team_domains.php
tz_premises,2,2,yes,13_HOST_INTEGRATION_REFERENCES/MagicAI_WorkCore_Selected | MagicAI + WorkCore host,donor:13_HOST_INTEGRATION_REFERENCES/MagicAI_WorkCore_Selected/app/Domains/WorkCore/Database/Migrations/2026_07_23_120010_create_tz_premises_table.php | host:app/Domains/WorkCore/Database/Migrations/2026_07_23_120010_create_tz_premises_table.php
tz_premises_access_points,2,2,yes,13_HOST_INTEGRATION_REFERENCES/MagicAI_WorkCore_Selected | MagicAI + WorkCore host,donor:13_HOST_INTEGRATION_REFERENCES/MagicAI_WorkCore_Selected/app/Domains/WorkCore/Database/Migrations/2026_07_23_120027_expand_premises_supply_fleet_and_repairs.php | host:app/Domains/WorkCore/Database/Migrations/2026_07_23_120027_expand_premises_supply_fleet_and_repairs.php
tz_premises_contact_links,2,2,yes,13_HOST_INTEGRATION_REFERENCES/MagicAI_WorkCore_Selected | MagicAI + WorkCore host,donor:13_HOST_INTEGRATION_REFERENCES/MagicAI_WorkCore_Selected/app/Domains/WorkCore/Database/Migrations/2026_07_23_120027_expand_premises_supply_fleet_and_repairs.php | host:app/Domains/WorkCore/Database/Migrations/2026_07_23_120027_expand_premises_supply_fleet_and_repairs.php
tz_premises_document_links,2,2,yes,13_HOST_INTEGRATION_REFERENCES/MagicAI_WorkCore_Selected | MagicAI + WorkCore host,donor:13_HOST_INTEGRATION_REFERENCES/MagicAI_WorkCore_Selected/app/Domains/WorkCore/Database/Migrations/2026_07_23_120027_expand_premises_supply_fleet_and_repairs.php | host:app/Domains/WorkCore/Database/Migrations/2026_07_23_120027_expand_premises_supply_fleet_and_repairs.php
tz_premises_hazards,2,2,yes,13_HOST_INTEGRATION_REFERENCES/MagicAI_WorkCore_Selected | MagicAI + WorkCore host,donor:13_HOST_INTEGRATION_REFERENCES/MagicAI_WorkCore_Selected/app/Domains/WorkCore/Database/Migrations/2026_07_23_120027_expand_premises_supply_fleet_and_repairs.php | host:app/Domains/WorkCore/Database/Migrations/2026_07_23_120027_expand_premises_supply_fleet_and_repairs.php
tz_premises_identifiers,2,2,yes,13_HOST_INTEGRATION_REFERENCES/MagicAI_WorkCore_Selected | MagicAI + WorkCore host,donor:13_HOST_INTEGRATION_REFERENCES/MagicAI_WorkCore_Selected/app/Domains/WorkCore/Database/Migrations/2026_07_23_120027_expand_premises_supply_fleet_and_repairs.php | host:app/Domains/WorkCore/Database/Migrations/2026_07_23_120027_expand_premises_supply_fleet_and_repairs.php
tz_premises_meter_readings,2,2,yes,13_HOST_INTEGRATION_REFERENCES/MagicAI_WorkCore_Selected | MagicAI + WorkCore host,donor:13_HOST_INTEGRATION_REFERENCES/MagicAI_WorkCore_Selected/app/Domains/WorkCore/Database/Migrations/2026_07_23_120027_expand_premises_supply_fleet_and_repairs.php | host:app/Domains/WorkCore/Database/Migrations/2026_07_23_120027_expand_premises_supply_fleet_and_repairs.php
tz_premises_service_plans,2,2,yes,13_HOST_INTEGRATION_REFERENCES/MagicAI_WorkCore_Selected | MagicAI + WorkCore host,donor:13_HOST_INTEGRATION_REFERENCES/MagicAI_WorkCore_Selected/app/Domains/WorkCore/Database/Migrations/2026_07_23_120027_expand_premises_supply_fleet_and_repairs.php | host:app/Domains/WorkCore/Database/Migrations/2026_07_23_120027_expand_premises_supply_fleet_and_repairs.php
tz_premises_service_windows,2,2,yes,13_HOST_INTEGRATION_REFERENCES/MagicAI_WorkCore_Selected | MagicAI + WorkCore host,donor:13_HOST_INTEGRATION_REFERENCES/MagicAI_WorkCore_Selected/app/Domains/WorkCore/Database/Migrations/2026_07_23_120027_expand_premises_supply_fleet_and_repairs.php | host:app/Domains/WorkCore/Database/Migrations/2026_07_23_120027_expand_premises_supply_fleet_and_repairs.php
tz_premises_spaces,2,2,yes,13_HOST_INTEGRATION_REFERENCES/MagicAI_WorkCore_Selected | MagicAI + WorkCore host,donor:13_HOST_INTEGRATION_REFERENCES/MagicAI_WorkCore_Selected/app/Domains/WorkCore/Database/Migrations/2026_07_23_120027_expand_premises_supply_fleet_and_repairs.php | host:app/Domains/WorkCore/Database/Migrations/2026_07_23_120027_expand_premises_supply_fleet_and_repairs.php
tz_purchase_order_items,2,2,yes,13_HOST_INTEGRATION_REFERENCES/MagicAI_WorkCore_Selected | MagicAI + WorkCore host,donor:13_HOST_INTEGRATION_REFERENCES/MagicAI_WorkCore_Selected/app/Domains/WorkCore/Database/Migrations/2026_07_23_120027_expand_premises_supply_fleet_and_repairs.php | host:app/Domains/WorkCore/Database/Migrations/2026_07_23_120027_expand_premises_supply_fleet_and_repairs.php
tz_purchase_orders,2,2,yes,13_HOST_INTEGRATION_REFERENCES/MagicAI_WorkCore_Selected | MagicAI + WorkCore host,donor:13_HOST_INTEGRATION_REFERENCES/MagicAI_WorkCore_Selected/app/Domains/WorkCore/Database/Migrations/2026_07_23_120027_expand_premises_supply_fleet_and_repairs.php | host:app/Domains/WorkCore/Database/Migrations/2026_07_23_120027_expand_premises_supply_fleet_and_repairs.php
tz_qr_codes,2,2,yes,13_HOST_INTEGRATION_REFERENCES/MagicAI_WorkCore_Selected | MagicAI + WorkCore host,donor:13_HOST_INTEGRATION_REFERENCES/MagicAI_WorkCore_Selected/app/Domains/WorkCore/Database/Migrations/2026_07_23_120038_create_tz_qr_tables.php | host:app/Domains/WorkCore/Database/Migrations/2026_07_23_120038_create_tz_qr_tables.php
tz_qr_scans,2,2,yes,13_HOST_INTEGRATION_REFERENCES/MagicAI_WorkCore_Selected | MagicAI + WorkCore host,donor:13_HOST_INTEGRATION_REFERENCES/MagicAI_WorkCore_Selected/app/Domains/WorkCore/Database/Migrations/2026_07_23_120038_create_tz_qr_tables.php | host:app/Domains/WorkCore/Database/Migrations/2026_07_23_120038_create_tz_qr_tables.php
tz_qr_settings,2,2,yes,13_HOST_INTEGRATION_REFERENCES/MagicAI_WorkCore_Selected | MagicAI + WorkCore host,donor:13_HOST_INTEGRATION_REFERENCES/MagicAI_WorkCore_Selected/app/Domains/WorkCore/Database/Migrations/2026_07_23_120038_create_tz_qr_tables.php | host:app/Domains/WorkCore/Database/Migrations/2026_07_23_120038_create_tz_qr_tables.php
tz_rebooking_requests,2,2,yes,13_HOST_INTEGRATION_REFERENCES/MagicAI_WorkCore_Selected | MagicAI + WorkCore host,donor:13_HOST_INTEGRATION_REFERENCES/MagicAI_WorkCore_Selected/app/Domains/WorkCore/Database/Migrations/2026_07_23_120023_create_tz_reviews_and_rebooking_tables.php | host:app/Domains/WorkCore/Database/Migrations/2026_07_23_120023_create_tz_reviews_and_rebooking_tables.php
tz_recruitment_interviews,2,2,yes,13_HOST_INTEGRATION_REFERENCES/MagicAI_WorkCore_Selected | MagicAI + WorkCore host,donor:13_HOST_INTEGRATION_REFERENCES/MagicAI_WorkCore_Selected/app/Domains/WorkCore/Database/Migrations/2026_07_23_120055_create_tz_workforce_team_domains.php | host:app/Domains/WorkCore/Database/Migrations/2026_07_23_120055_create_tz_workforce_team_domains.php
tz_recruitment_stages,2,2,yes,13_HOST_INTEGRATION_REFERENCES/MagicAI_WorkCore_Selected | MagicAI + WorkCore host,donor:13_HOST_INTEGRATION_REFERENCES/MagicAI_WorkCore_Selected/app/Domains/WorkCore/Database/Migrations/2026_07_23_120055_create_tz_workforce_team_domains.php | host:app/Domains/WorkCore/Database/Migrations/2026_07_23_120055_create_tz_workforce_team_domains.php
tz_recurring_service_exceptions,2,2,yes,13_HOST_INTEGRATION_REFERENCES/MagicAI_WorkCore_Selected | MagicAI + WorkCore host,donor:13_HOST_INTEGRATION_REFERENCES/MagicAI_WorkCore_Selected/app/Domains/WorkCore/Database/Migrations/2026_07_23_120035_create_tz_recurring_service_tables.php | host:app/Domains/WorkCore/Database/Migrations/2026_07_23_120035_create_tz_recurring_service_tables.php
tz_recurring_service_occurrences,2,2,yes,13_HOST_INTEGRATION_REFERENCES/MagicAI_WorkCore_Selected | MagicAI + WorkCore host,donor:13_HOST_INTEGRATION_REFERENCES/MagicAI_WorkCore_Selected/app/Domains/WorkCore/Database/Migrations/2026_07_23_120035_create_tz_recurring_service_tables.php | host:app/Domains/WorkCore/Database/Migrations/2026_07_23_120035_create_tz_recurring_service_tables.php
tz_recurring_service_rules,2,2,yes,13_HOST_INTEGRATION_REFERENCES/MagicAI_WorkCore_Selected | MagicAI + WorkCore host,donor:13_HOST_INTEGRATION_REFERENCES/MagicAI_WorkCore_Selected/app/Domains/WorkCore/Database/Migrations/2026_07_23_120035_create_tz_recurring_service_tables.php | host:app/Domains/WorkCore/Database/Migrations/2026_07_23_120035_create_tz_recurring_service_tables.php
tz_recurring_service_status_history,2,2,yes,13_HOST_INTEGRATION_REFERENCES/MagicAI_WorkCore_Selected | MagicAI + WorkCore host,donor:13_HOST_INTEGRATION_REFERENCES/MagicAI_WorkCore_Selected/app/Domains/WorkCore/Database/Migrations/2026_07_23_120035_create_tz_recurring_service_tables.php | host:app/Domains/WorkCore/Database/Migrations/2026_07_23_120035_create_tz_recurring_service_tables.php
tz_regions,2,2,yes,13_HOST_INTEGRATION_REFERENCES/MagicAI_WorkCore_Selected | MagicAI + WorkCore host,donor:13_HOST_INTEGRATION_REFERENCES/MagicAI_WorkCore_Selected/app/Domains/WorkCore/Database/Migrations/2026_07_23_120037_create_tz_territory_tables.php | host:app/Domains/WorkCore/Database/Migrations/2026_07_23_120037_create_tz_territory_tables.php
tz_repair_order_templates,2,2,yes,13_HOST_INTEGRATION_REFERENCES/MagicAI_WorkCore_Selected | MagicAI + WorkCore host,donor:13_HOST_INTEGRATION_REFERENCES/MagicAI_WorkCore_Selected/app/Domains/WorkCore/Database/Migrations/2026_07_23_120027_expand_premises_supply_fleet_and_repairs.php | host:app/Domains/WorkCore/Database/Migrations/2026_07_23_120027_expand_premises_supply_fleet_and_repairs.php
tz_repair_orders,2,2,yes,13_HOST_INTEGRATION_REFERENCES/MagicAI_WorkCore_Selected | MagicAI + WorkCore host,donor:13_HOST_INTEGRATION_REFERENCES/MagicAI_WorkCore_Selected/app/Domains/WorkCore/Database/Migrations/2026_07_23_120027_expand_premises_supply_fleet_and_repairs.php | host:app/Domains/WorkCore/Database/Migrations/2026_07_23_120027_expand_premises_supply_fleet_and_repairs.php
tz_review_requests,2,2,yes,13_HOST_INTEGRATION_REFERENCES/MagicAI_WorkCore_Selected | MagicAI + WorkCore host,donor:13_HOST_INTEGRATION_REFERENCES/MagicAI_WorkCore_Selected/app/Domains/WorkCore/Database/Migrations/2026_07_23_120023_create_tz_reviews_and_rebooking_tables.php | host:app/Domains/WorkCore/Database/Migrations/2026_07_23_120023_create_tz_reviews_and_rebooking_tables.php
tz_review_status_history,2,2,yes,13_HOST_INTEGRATION_REFERENCES/MagicAI_WorkCore_Selected | MagicAI + WorkCore host,donor:13_HOST_INTEGRATION_REFERENCES/MagicAI_WorkCore_Selected/app/Domains/WorkCore/Database/Migrations/2026_07_23_120023_create_tz_reviews_and_rebooking_tables.php | host:app/Domains/WorkCore/Database/Migrations/2026_07_23_120023_create_tz_reviews_and_rebooking_tables.php
tz_reviews,2,2,yes,13_HOST_INTEGRATION_REFERENCES/MagicAI_WorkCore_Selected | MagicAI + WorkCore host,donor:13_HOST_INTEGRATION_REFERENCES/MagicAI_WorkCore_Selected/app/Domains/WorkCore/Database/Migrations/2026_07_23_120023_create_tz_reviews_and_rebooking_tables.php | host:app/Domains/WorkCore/Database/Migrations/2026_07_23_120023_create_tz_reviews_and_rebooking_tables.php
tz_roster_shift_assignments,2,2,yes,13_HOST_INTEGRATION_REFERENCES/MagicAI_WorkCore_Selected | MagicAI + WorkCore host,donor:13_HOST_INTEGRATION_REFERENCES/MagicAI_WorkCore_Selected/app/Domains/WorkCore/Database/Migrations/2026_07_23_120016_create_tz_availability_and_roster_tables.php | host:app/Domains/WorkCore/Database/Migrations/2026_07_23_120016_create_tz_availability_and_roster_tables.php
tz_roster_shifts,2,2,yes,13_HOST_INTEGRATION_REFERENCES/MagicAI_WorkCore_Selected | MagicAI + WorkCore host,donor:13_HOST_INTEGRATION_REFERENCES/MagicAI_WorkCore_Selected/app/Domains/WorkCore/Database/Migrations/2026_07_23_120016_create_tz_availability_and_roster_tables.php | host:app/Domains/WorkCore/Database/Migrations/2026_07_23_120016_create_tz_availability_and_roster_tables.php
tz_roster_status_history,2,2,yes,13_HOST_INTEGRATION_REFERENCES/MagicAI_WorkCore_Selected | MagicAI + WorkCore host,donor:13_HOST_INTEGRATION_REFERENCES/MagicAI_WorkCore_Selected/app/Domains/WorkCore/Database/Migrations/2026_07_23_120016_create_tz_availability_and_roster_tables.php | host:app/Domains/WorkCore/Database/Migrations/2026_07_23_120016_create_tz_availability_and_roster_tables.php
tz_rosters,2,2,yes,13_HOST_INTEGRATION_REFERENCES/MagicAI_WorkCore_Selected | MagicAI + WorkCore host,donor:13_HOST_INTEGRATION_REFERENCES/MagicAI_WorkCore_Selected/app/Domains/WorkCore/Database/Migrations/2026_07_23_120016_create_tz_availability_and_roster_tables.php | host:app/Domains/WorkCore/Database/Migrations/2026_07_23_120016_create_tz_availability_and_roster_tables.php
tz_safety_incidents,2,2,yes,13_HOST_INTEGRATION_REFERENCES/MagicAI_WorkCore_Selected | MagicAI + WorkCore host,donor:13_HOST_INTEGRATION_REFERENCES/MagicAI_WorkCore_Selected/app/Domains/WorkCore/Database/Migrations/2026_07_23_120033_create_tz_compliance_and_safety_tables.php | host:app/Domains/WorkCore/Database/Migrations/2026_07_23_120033_create_tz_compliance_and_safety_tables.php
tz_sales_pipeline_stages,2,2,yes,13_HOST_INTEGRATION_REFERENCES/MagicAI_WorkCore_Selected | MagicAI + WorkCore host,donor:13_HOST_INTEGRATION_REFERENCES/MagicAI_WorkCore_Selected/app/Domains/WorkCore/Database/Migrations/2026_07_23_120054_create_tz_sales_pipeline_tables.php | host:app/Domains/WorkCore/Database/Migrations/2026_07_23_120054_create_tz_sales_pipeline_tables.php
tz_sales_pipelines,2,2,yes,13_HOST_INTEGRATION_REFERENCES/MagicAI_WorkCore_Selected | MagicAI + WorkCore host,donor:13_HOST_INTEGRATION_REFERENCES/MagicAI_WorkCore_Selected/app/Domains/WorkCore/Database/Migrations/2026_07_23_120054_create_tz_sales_pipeline_tables.php | host:app/Domains/WorkCore/Database/Migrations/2026_07_23_120054_create_tz_sales_pipeline_tables.php
tz_service_agreements,2,2,yes,13_HOST_INTEGRATION_REFERENCES/MagicAI_WorkCore_Selected | MagicAI + WorkCore host,donor:13_HOST_INTEGRATION_REFERENCES/MagicAI_WorkCore_Selected/app/Domains/WorkCore/Database/Migrations/2026_07_23_120035_create_tz_recurring_service_tables.php | host:app/Domains/WorkCore/Database/Migrations/2026_07_23_120035_create_tz_recurring_service_tables.php
tz_service_categories,2,2,yes,13_HOST_INTEGRATION_REFERENCES/MagicAI_WorkCore_Selected | MagicAI + WorkCore host,donor:13_HOST_INTEGRATION_REFERENCES/MagicAI_WorkCore_Selected/app/Domains/WorkCore/Database/Migrations/2026_07_23_120011_create_tz_service_catalogue_tables.php | host:app/Domains/WorkCore/Database/Migrations/2026_07_23_120011_create_tz_service_catalogue_tables.php
tz_service_faqs,2,2,yes,13_HOST_INTEGRATION_REFERENCES/MagicAI_WorkCore_Selected | MagicAI + WorkCore host,donor:13_HOST_INTEGRATION_REFERENCES/MagicAI_WorkCore_Selected/app/Domains/WorkCore/Database/Migrations/2026_07_23_120059_create_tz_service_variants_and_faqs_tables.php | host:app/Domains/WorkCore/Database/Migrations/2026_07_23_120059_create_tz_service_variants_and_faqs_tables.php
tz_service_pricing_rules,2,2,yes,13_HOST_INTEGRATION_REFERENCES/MagicAI_WorkCore_Selected | MagicAI + WorkCore host,donor:13_HOST_INTEGRATION_REFERENCES/MagicAI_WorkCore_Selected/app/Domains/WorkCore/Database/Migrations/2026_07_23_120011_create_tz_service_catalogue_tables.php | host:app/Domains/WorkCore/Database/Migrations/2026_07_23_120011_create_tz_service_catalogue_tables.php
tz_service_recovery_cases,2,2,yes,13_HOST_INTEGRATION_REFERENCES/MagicAI_WorkCore_Selected | MagicAI + WorkCore host,donor:13_HOST_INTEGRATION_REFERENCES/MagicAI_WorkCore_Selected/app/Domains/WorkCore/Database/Migrations/2026_07_23_120023_create_tz_reviews_and_rebooking_tables.php | host:app/Domains/WorkCore/Database/Migrations/2026_07_23_120023_create_tz_reviews_and_rebooking_tables.php
tz_service_variants,2,2,yes,13_HOST_INTEGRATION_REFERENCES/MagicAI_WorkCore_Selected | MagicAI + WorkCore host,donor:13_HOST_INTEGRATION_REFERENCES/MagicAI_WorkCore_Selected/app/Domains/WorkCore/Database/Migrations/2026_07_23_120059_create_tz_service_variants_and_faqs_tables.php | host:app/Domains/WorkCore/Database/Migrations/2026_07_23_120059_create_tz_service_variants_and_faqs_tables.php
tz_services,2,2,yes,13_HOST_INTEGRATION_REFERENCES/MagicAI_WorkCore_Selected | MagicAI + WorkCore host,donor:13_HOST_INTEGRATION_REFERENCES/MagicAI_WorkCore_Selected/app/Domains/WorkCore/Database/Migrations/2026_07_23_120011_create_tz_service_catalogue_tables.php | host:app/Domains/WorkCore/Database/Migrations/2026_07_23_120011_create_tz_service_catalogue_tables.php
tz_skills,2,2,yes,13_HOST_INTEGRATION_REFERENCES/MagicAI_WorkCore_Selected | MagicAI + WorkCore host,donor:13_HOST_INTEGRATION_REFERENCES/MagicAI_WorkCore_Selected/app/Domains/WorkCore/Database/Migrations/2026_07_23_120015_create_tz_worker_tables.php | host:app/Domains/WorkCore/Database/Migrations/2026_07_23_120015_create_tz_worker_tables.php
tz_stock_adjustment_items,2,2,yes,13_HOST_INTEGRATION_REFERENCES/MagicAI_WorkCore_Selected | MagicAI + WorkCore host,donor:13_HOST_INTEGRATION_REFERENCES/MagicAI_WorkCore_Selected/app/Domains/WorkCore/Database/Migrations/2026_07_23_120027_expand_premises_supply_fleet_and_repairs.php | host:app/Domains/WorkCore/Database/Migrations/2026_07_23_120027_expand_premises_supply_fleet_and_repairs.php
tz_stock_adjustments,2,2,yes,13_HOST_INTEGRATION_REFERENCES/MagicAI_WorkCore_Selected | MagicAI + WorkCore host,donor:13_HOST_INTEGRATION_REFERENCES/MagicAI_WorkCore_Selected/app/Domains/WorkCore/Database/Migrations/2026_07_23_120027_expand_premises_supply_fleet_and_repairs.php | host:app/Domains/WorkCore/Database/Migrations/2026_07_23_120027_expand_premises_supply_fleet_and_repairs.php
tz_stock_balances,2,2,yes,13_HOST_INTEGRATION_REFERENCES/MagicAI_WorkCore_Selected | MagicAI + WorkCore host,donor:13_HOST_INTEGRATION_REFERENCES/MagicAI_WorkCore_Selected/app/Domains/WorkCore/Database/Migrations/2026_07_23_120018_create_tz_inventory_and_material_tables.php | host:app/Domains/WorkCore/Database/Migrations/2026_07_23_120018_create_tz_inventory_and_material_tables.php
tz_stock_batches,2,2,yes,13_HOST_INTEGRATION_REFERENCES/MagicAI_WorkCore_Selected | MagicAI + WorkCore host,donor:13_HOST_INTEGRATION_REFERENCES/MagicAI_WorkCore_Selected/app/Domains/WorkCore/Database/Migrations/2026_07_23_120027_expand_premises_supply_fleet_and_repairs.php | host:app/Domains/WorkCore/Database/Migrations/2026_07_23_120027_expand_premises_supply_fleet_and_repairs.php
tz_stock_count_items,2,2,yes,13_HOST_INTEGRATION_REFERENCES/MagicAI_WorkCore_Selected | MagicAI + WorkCore host,donor:13_HOST_INTEGRATION_REFERENCES/MagicAI_WorkCore_Selected/app/Domains/WorkCore/Database/Migrations/2026_07_23_120027_expand_premises_supply_fleet_and_repairs.php | host:app/Domains/WorkCore/Database/Migrations/2026_07_23_120027_expand_premises_supply_fleet_and_repairs.php
tz_stock_counts,2,2,yes,13_HOST_INTEGRATION_REFERENCES/MagicAI_WorkCore_Selected | MagicAI + WorkCore host,donor:13_HOST_INTEGRATION_REFERENCES/MagicAI_WorkCore_Selected/app/Domains/WorkCore/Database/Migrations/2026_07_23_120027_expand_premises_supply_fleet_and_repairs.php | host:app/Domains/WorkCore/Database/Migrations/2026_07_23_120027_expand_premises_supply_fleet_and_repairs.php
tz_stock_locations,2,2,yes,13_HOST_INTEGRATION_REFERENCES/MagicAI_WorkCore_Selected | MagicAI + WorkCore host,donor:13_HOST_INTEGRATION_REFERENCES/MagicAI_WorkCore_Selected/app/Domains/WorkCore/Database/Migrations/2026_07_23_120018_create_tz_inventory_and_material_tables.php | host:app/Domains/WorkCore/Database/Migrations/2026_07_23_120018_create_tz_inventory_and_material_tables.php
tz_stock_movements,2,2,yes,13_HOST_INTEGRATION_REFERENCES/MagicAI_WorkCore_Selected | MagicAI + WorkCore host,donor:13_HOST_INTEGRATION_REFERENCES/MagicAI_WorkCore_Selected/app/Domains/WorkCore/Database/Migrations/2026_07_23_120018_create_tz_inventory_and_material_tables.php | host:app/Domains/WorkCore/Database/Migrations/2026_07_23_120018_create_tz_inventory_and_material_tables.php
tz_stock_reservations,2,2,yes,13_HOST_INTEGRATION_REFERENCES/MagicAI_WorkCore_Selected | MagicAI + WorkCore host,donor:13_HOST_INTEGRATION_REFERENCES/MagicAI_WorkCore_Selected/app/Domains/WorkCore/Database/Migrations/2026_07_23_120018_create_tz_inventory_and_material_tables.php | host:app/Domains/WorkCore/Database/Migrations/2026_07_23_120018_create_tz_inventory_and_material_tables.php
tz_stock_transfer_items,2,2,yes,13_HOST_INTEGRATION_REFERENCES/MagicAI_WorkCore_Selected | MagicAI + WorkCore host,donor:13_HOST_INTEGRATION_REFERENCES/MagicAI_WorkCore_Selected/app/Domains/WorkCore/Database/Migrations/2026_07_23_120027_expand_premises_supply_fleet_and_repairs.php | host:app/Domains/WorkCore/Database/Migrations/2026_07_23_120027_expand_premises_supply_fleet_and_repairs.php
tz_stock_transfers,2,2,yes,13_HOST_INTEGRATION_REFERENCES/MagicAI_WorkCore_Selected | MagicAI + WorkCore host,donor:13_HOST_INTEGRATION_REFERENCES/MagicAI_WorkCore_Selected/app/Domains/WorkCore/Database/Migrations/2026_07_23_120027_expand_premises_supply_fleet_and_repairs.php | host:app/Domains/WorkCore/Database/Migrations/2026_07_23_120027_expand_premises_supply_fleet_and_repairs.php
tz_supplier_ratings,2,2,yes,13_HOST_INTEGRATION_REFERENCES/MagicAI_WorkCore_Selected | MagicAI + WorkCore host,donor:13_HOST_INTEGRATION_REFERENCES/MagicAI_WorkCore_Selected/app/Domains/WorkCore/Database/Migrations/2026_07_23_120027_expand_premises_supply_fleet_and_repairs.php | host:app/Domains/WorkCore/Database/Migrations/2026_07_23_120027_expand_premises_supply_fleet_and_repairs.php
tz_suppliers,2,2,yes,13_HOST_INTEGRATION_REFERENCES/MagicAI_WorkCore_Selected | MagicAI + WorkCore host,donor:13_HOST_INTEGRATION_REFERENCES/MagicAI_WorkCore_Selected/app/Domains/WorkCore/Database/Migrations/2026_07_23_120027_expand_premises_supply_fleet_and_repairs.php | host:app/Domains/WorkCore/Database/Migrations/2026_07_23_120027_expand_premises_supply_fleet_and_repairs.php
tz_support_queues,2,2,yes,13_HOST_INTEGRATION_REFERENCES/MagicAI_WorkCore_Selected | MagicAI + WorkCore host,donor:13_HOST_INTEGRATION_REFERENCES/MagicAI_WorkCore_Selected/app/Domains/WorkCore/Database/Migrations/2026_07_23_120021_create_tz_support_ticket_tables.php | host:app/Domains/WorkCore/Database/Migrations/2026_07_23_120021_create_tz_support_ticket_tables.php
tz_support_ticket_assignments,2,2,yes,13_HOST_INTEGRATION_REFERENCES/MagicAI_WorkCore_Selected | MagicAI + WorkCore host,donor:13_HOST_INTEGRATION_REFERENCES/MagicAI_WorkCore_Selected/app/Domains/WorkCore/Database/Migrations/2026_07_23_120021_create_tz_support_ticket_tables.php | host:app/Domains/WorkCore/Database/Migrations/2026_07_23_120021_create_tz_support_ticket_tables.php
tz_support_ticket_messages,2,2,yes,13_HOST_INTEGRATION_REFERENCES/MagicAI_WorkCore_Selected | MagicAI + WorkCore host,donor:13_HOST_INTEGRATION_REFERENCES/MagicAI_WorkCore_Selected/app/Domains/WorkCore/Database/Migrations/2026_07_23_120021_create_tz_support_ticket_tables.php | host:app/Domains/WorkCore/Database/Migrations/2026_07_23_120021_create_tz_support_ticket_tables.php
tz_support_ticket_sla_events,2,2,yes,13_HOST_INTEGRATION_REFERENCES/MagicAI_WorkCore_Selected | MagicAI + WorkCore host,donor:13_HOST_INTEGRATION_REFERENCES/MagicAI_WorkCore_Selected/app/Domains/WorkCore/Database/Migrations/2026_07_23_120021_create_tz_support_ticket_tables.php | host:app/Domains/WorkCore/Database/Migrations/2026_07_23_120021_create_tz_support_ticket_tables.php
tz_support_ticket_status_history,2,2,yes,13_HOST_INTEGRATION_REFERENCES/MagicAI_WorkCore_Selected | MagicAI + WorkCore host,donor:13_HOST_INTEGRATION_REFERENCES/MagicAI_WorkCore_Selected/app/Domains/WorkCore/Database/Migrations/2026_07_23_120021_create_tz_support_ticket_tables.php | host:app/Domains/WorkCore/Database/Migrations/2026_07_23_120021_create_tz_support_ticket_tables.php
tz_support_tickets,2,2,yes,13_HOST_INTEGRATION_REFERENCES/MagicAI_WorkCore_Selected | MagicAI + WorkCore host,donor:13_HOST_INTEGRATION_REFERENCES/MagicAI_WorkCore_Selected/app/Domains/WorkCore/Database/Migrations/2026_07_23_120021_create_tz_support_ticket_tables.php | host:app/Domains/WorkCore/Database/Migrations/2026_07_23_120021_create_tz_support_ticket_tables.php
tz_task_templates,2,2,yes,13_HOST_INTEGRATION_REFERENCES/MagicAI_WorkCore_Selected | MagicAI + WorkCore host,donor:13_HOST_INTEGRATION_REFERENCES/MagicAI_WorkCore_Selected/app/Domains/WorkCore/Database/Migrations/2026_07_23_120011_create_tz_service_catalogue_tables.php | host:app/Domains/WorkCore/Database/Migrations/2026_07_23_120011_create_tz_service_catalogue_tables.php
tz_territories,2,2,yes,13_HOST_INTEGRATION_REFERENCES/MagicAI_WorkCore_Selected | MagicAI + WorkCore host,donor:13_HOST_INTEGRATION_REFERENCES/MagicAI_WorkCore_Selected/app/Domains/WorkCore/Database/Migrations/2026_07_23_120037_create_tz_territory_tables.php | host:app/Domains/WorkCore/Database/Migrations/2026_07_23_120037_create_tz_territory_tables.php
tz_territory_assignments,2,2,yes,13_HOST_INTEGRATION_REFERENCES/MagicAI_WorkCore_Selected | MagicAI + WorkCore host,donor:13_HOST_INTEGRATION_REFERENCES/MagicAI_WorkCore_Selected/app/Domains/WorkCore/Database/Migrations/2026_07_23_120037_create_tz_territory_tables.php | host:app/Domains/WorkCore/Database/Migrations/2026_07_23_120037_create_tz_territory_tables.php
tz_time_entries,2,2,yes,13_HOST_INTEGRATION_REFERENCES/MagicAI_WorkCore_Selected | MagicAI + WorkCore host,donor:13_HOST_INTEGRATION_REFERENCES/MagicAI_WorkCore_Selected/app/Domains/WorkCore/Database/Migrations/2026_07_23_120012_create_tz_work_order_tables.php | host:app/Domains/WorkCore/Database/Migrations/2026_07_23_120012_create_tz_work_order_tables.php
tz_timesheet_entries,2,2,yes,13_HOST_INTEGRATION_REFERENCES/MagicAI_WorkCore_Selected | MagicAI + WorkCore host,donor:13_HOST_INTEGRATION_REFERENCES/MagicAI_WorkCore_Selected/app/Domains/WorkCore/Database/Migrations/2026_07_23_120020_create_tz_attendance_and_leave_tables.php | host:app/Domains/WorkCore/Database/Migrations/2026_07_23_120020_create_tz_attendance_and_leave_tables.php
tz_timesheets,2,2,yes,13_HOST_INTEGRATION_REFERENCES/MagicAI_WorkCore_Selected | MagicAI + WorkCore host,donor:13_HOST_INTEGRATION_REFERENCES/MagicAI_WorkCore_Selected/app/Domains/WorkCore/Database/Migrations/2026_07_23_120020_create_tz_attendance_and_leave_tables.php | host:app/Domains/WorkCore/Database/Migrations/2026_07_23_120020_create_tz_attendance_and_leave_tables.php
tz_trade_compliance_profiles,2,2,yes,13_HOST_INTEGRATION_REFERENCES/MagicAI_WorkCore_Selected | MagicAI + WorkCore host,donor:13_HOST_INTEGRATION_REFERENCES/MagicAI_WorkCore_Selected/app/Domains/WorkCore/Database/Migrations/2026_07_23_120032_create_tz_trade_field_compliance_tables.php | host:app/Domains/WorkCore/Database/Migrations/2026_07_23_120032_create_tz_trade_field_compliance_tables.php
tz_trade_licences,2,2,yes,13_HOST_INTEGRATION_REFERENCES/MagicAI_WorkCore_Selected | MagicAI + WorkCore host,donor:13_HOST_INTEGRATION_REFERENCES/MagicAI_WorkCore_Selected/app/Domains/WorkCore/Database/Migrations/2026_07_23_120031_create_tz_vertical_operations_tables.php | host:app/Domains/WorkCore/Database/Migrations/2026_07_23_120031_create_tz_vertical_operations_tables.php
tz_vault_access_links,2,2,yes,13_HOST_INTEGRATION_REFERENCES/MagicAI_WorkCore_Selected | MagicAI + WorkCore host,donor:13_HOST_INTEGRATION_REFERENCES/MagicAI_WorkCore_Selected/app/Domains/WorkCore/Database/Migrations/2026_07_23_120028_create_tz_vault_tables.php | host:app/Domains/WorkCore/Database/Migrations/2026_07_23_120028_create_tz_vault_tables.php
tz_vault_activity_log,2,2,yes,13_HOST_INTEGRATION_REFERENCES/MagicAI_WorkCore_Selected | MagicAI + WorkCore host,donor:13_HOST_INTEGRATION_REFERENCES/MagicAI_WorkCore_Selected/app/Domains/WorkCore/Database/Migrations/2026_07_23_120028_create_tz_vault_tables.php | host:app/Domains/WorkCore/Database/Migrations/2026_07_23_120028_create_tz_vault_tables.php
tz_vault_approvals,2,2,yes,13_HOST_INTEGRATION_REFERENCES/MagicAI_WorkCore_Selected | MagicAI + WorkCore host,donor:13_HOST_INTEGRATION_REFERENCES/MagicAI_WorkCore_Selected/app/Domains/WorkCore/Database/Migrations/2026_07_23_120028_create_tz_vault_tables.php | host:app/Domains/WorkCore/Database/Migrations/2026_07_23_120028_create_tz_vault_tables.php
tz_vault_document_comments,2,2,yes,13_HOST_INTEGRATION_REFERENCES/MagicAI_WorkCore_Selected | MagicAI + WorkCore host,donor:13_HOST_INTEGRATION_REFERENCES/MagicAI_WorkCore_Selected/app/Domains/WorkCore/Database/Migrations/2026_07_23_120028_create_tz_vault_tables.php | host:app/Domains/WorkCore/Database/Migrations/2026_07_23_120028_create_tz_vault_tables.php
tz_vault_document_versions,2,2,yes,13_HOST_INTEGRATION_REFERENCES/MagicAI_WorkCore_Selected | MagicAI + WorkCore host,donor:13_HOST_INTEGRATION_REFERENCES/MagicAI_WorkCore_Selected/app/Domains/WorkCore/Database/Migrations/2026_07_23_120028_create_tz_vault_tables.php | host:app/Domains/WorkCore/Database/Migrations/2026_07_23_120028_create_tz_vault_tables.php
tz_vault_documents,2,2,yes,13_HOST_INTEGRATION_REFERENCES/MagicAI_WorkCore_Selected | MagicAI + WorkCore host,donor:13_HOST_INTEGRATION_REFERENCES/MagicAI_WorkCore_Selected/app/Domains/WorkCore/Database/Migrations/2026_07_23_120028_create_tz_vault_tables.php | host:app/Domains/WorkCore/Database/Migrations/2026_07_23_120028_create_tz_vault_tables.php
tz_vertical_installations,2,2,yes,13_HOST_INTEGRATION_REFERENCES/MagicAI_WorkCore_Selected | MagicAI + WorkCore host,donor:13_HOST_INTEGRATION_REFERENCES/MagicAI_WorkCore_Selected/app/Domains/WorkCore/Database/Migrations/2026_07_23_120029_create_tz_vertical_system_tables.php | host:app/Domains/WorkCore/Database/Migrations/2026_07_23_120029_create_tz_vertical_system_tables.php
tz_vertical_seed_provenance,2,2,yes,13_HOST_INTEGRATION_REFERENCES/MagicAI_WorkCore_Selected | MagicAI + WorkCore host,donor:13_HOST_INTEGRATION_REFERENCES/MagicAI_WorkCore_Selected/app/Domains/WorkCore/Database/Migrations/2026_07_23_120029_create_tz_vertical_system_tables.php | host:app/Domains/WorkCore/Database/Migrations/2026_07_23_120029_create_tz_vertical_system_tables.php
tz_vertical_setup_sessions,2,2,yes,13_HOST_INTEGRATION_REFERENCES/MagicAI_WorkCore_Selected | MagicAI + WorkCore host,donor:13_HOST_INTEGRATION_REFERENCES/MagicAI_WorkCore_Selected/app/Domains/WorkCore/Database/Migrations/2026_07_23_120030_create_tz_vertical_setup_tables.php | host:app/Domains/WorkCore/Database/Migrations/2026_07_23_120030_create_tz_vertical_setup_tables.php
tz_wizard_action_results,2,2,yes,13_HOST_INTEGRATION_REFERENCES/MagicAI_WorkCore_Selected | MagicAI + WorkCore host,donor:13_HOST_INTEGRATION_REFERENCES/MagicAI_WorkCore_Selected/app/Domains/WorkCore/Database/Migrations/2026_07_23_120097_create_tz_wizard_runtime_tables.php | host:app/Domains/WorkCore/Database/Migrations/2026_07_23_120097_create_tz_wizard_runtime_tables.php
tz_wizard_answers,2,2,yes,13_HOST_INTEGRATION_REFERENCES/MagicAI_WorkCore_Selected | MagicAI + WorkCore host,donor:13_HOST_INTEGRATION_REFERENCES/MagicAI_WorkCore_Selected/app/Domains/WorkCore/Database/Migrations/2026_07_23_120097_create_tz_wizard_runtime_tables.php | host:app/Domains/WorkCore/Database/Migrations/2026_07_23_120097_create_tz_wizard_runtime_tables.php
tz_wizard_definitions,2,2,yes,13_HOST_INTEGRATION_REFERENCES/MagicAI_WorkCore_Selected | MagicAI + WorkCore host,donor:13_HOST_INTEGRATION_REFERENCES/MagicAI_WorkCore_Selected/app/Domains/WorkCore/Database/Migrations/2026_07_23_120097_create_tz_wizard_runtime_tables.php | host:app/Domains/WorkCore/Database/Migrations/2026_07_23_120097_create_tz_wizard_runtime_tables.php
tz_wizard_events,2,2,yes,13_HOST_INTEGRATION_REFERENCES/MagicAI_WorkCore_Selected | MagicAI + WorkCore host,donor:13_HOST_INTEGRATION_REFERENCES/MagicAI_WorkCore_Selected/app/Domains/WorkCore/Database/Migrations/2026_07_23_120097_create_tz_wizard_runtime_tables.php | host:app/Domains/WorkCore/Database/Migrations/2026_07_23_120097_create_tz_wizard_runtime_tables.php
tz_wizard_runs,2,2,yes,13_HOST_INTEGRATION_REFERENCES/MagicAI_WorkCore_Selected | MagicAI + WorkCore host,donor:13_HOST_INTEGRATION_REFERENCES/MagicAI_WorkCore_Selected/app/Domains/WorkCore/Database/Migrations/2026_07_23_120097_create_tz_wizard_runtime_tables.php | host:app/Domains/WorkCore/Database/Migrations/2026_07_23_120097_create_tz_wizard_runtime_tables.php
tz_wizard_section_approvals,2,2,yes,13_HOST_INTEGRATION_REFERENCES/MagicAI_WorkCore_Selected | MagicAI + WorkCore host,donor:13_HOST_INTEGRATION_REFERENCES/MagicAI_WorkCore_Selected/app/Domains/WorkCore/Database/Migrations/2026_07_23_120097_create_tz_wizard_runtime_tables.php | host:app/Domains/WorkCore/Database/Migrations/2026_07_23_120097_create_tz_wizard_runtime_tables.php
tz_work_order_callbacks,2,2,yes,13_HOST_INTEGRATION_REFERENCES/MagicAI_WorkCore_Selected | MagicAI + WorkCore host,donor:13_HOST_INTEGRATION_REFERENCES/MagicAI_WorkCore_Selected/app/Domains/WorkCore/Database/Migrations/2026_07_23_120032_create_tz_trade_field_compliance_tables.php | host:app/Domains/WorkCore/Database/Migrations/2026_07_23_120032_create_tz_trade_field_compliance_tables.php
tz_work_order_certificates,2,2,yes,13_HOST_INTEGRATION_REFERENCES/MagicAI_WorkCore_Selected | MagicAI + WorkCore host,donor:13_HOST_INTEGRATION_REFERENCES/MagicAI_WorkCore_Selected/app/Domains/WorkCore/Database/Migrations/2026_07_23_120031_create_tz_vertical_operations_tables.php | host:app/Domains/WorkCore/Database/Migrations/2026_07_23_120031_create_tz_vertical_operations_tables.php
tz_work_order_compliance_items,2,2,yes,13_HOST_INTEGRATION_REFERENCES/MagicAI_WorkCore_Selected | MagicAI + WorkCore host,donor:13_HOST_INTEGRATION_REFERENCES/MagicAI_WorkCore_Selected/app/Domains/WorkCore/Database/Migrations/2026_07_23_120032_create_tz_trade_field_compliance_tables.php | host:app/Domains/WorkCore/Database/Migrations/2026_07_23_120032_create_tz_trade_field_compliance_tables.php
tz_work_order_evidence,2,2,yes,13_HOST_INTEGRATION_REFERENCES/MagicAI_WorkCore_Selected | MagicAI + WorkCore host,donor:13_HOST_INTEGRATION_REFERENCES/MagicAI_WorkCore_Selected/app/Domains/WorkCore/Database/Migrations/2026_07_23_120032_create_tz_trade_field_compliance_tables.php | host:app/Domains/WorkCore/Database/Migrations/2026_07_23_120032_create_tz_trade_field_compliance_tables.php
tz_work_order_materials,2,2,yes,13_HOST_INTEGRATION_REFERENCES/MagicAI_WorkCore_Selected | MagicAI + WorkCore host,donor:13_HOST_INTEGRATION_REFERENCES/MagicAI_WorkCore_Selected/app/Domains/WorkCore/Database/Migrations/2026_07_23_120018_create_tz_inventory_and_material_tables.php | host:app/Domains/WorkCore/Database/Migrations/2026_07_23_120018_create_tz_inventory_and_material_tables.php
tz_work_order_permits,2,2,yes,13_HOST_INTEGRATION_REFERENCES/MagicAI_WorkCore_Selected | MagicAI + WorkCore host,donor:13_HOST_INTEGRATION_REFERENCES/MagicAI_WorkCore_Selected/app/Domains/WorkCore/Database/Migrations/2026_07_23_120032_create_tz_trade_field_compliance_tables.php | host:app/Domains/WorkCore/Database/Migrations/2026_07_23_120032_create_tz_trade_field_compliance_tables.php
tz_work_order_safety_controls,2,2,yes,13_HOST_INTEGRATION_REFERENCES/MagicAI_WorkCore_Selected | MagicAI + WorkCore host,donor:13_HOST_INTEGRATION_REFERENCES/MagicAI_WorkCore_Selected/app/Domains/WorkCore/Database/Migrations/2026_07_23_120032_create_tz_trade_field_compliance_tables.php | host:app/Domains/WorkCore/Database/Migrations/2026_07_23_120032_create_tz_trade_field_compliance_tables.php
tz_work_order_services,2,2,yes,13_HOST_INTEGRATION_REFERENCES/MagicAI_WorkCore_Selected | MagicAI + WorkCore host,donor:13_HOST_INTEGRATION_REFERENCES/MagicAI_WorkCore_Selected/app/Domains/WorkCore/Database/Migrations/2026_07_23_120012_create_tz_work_order_tables.php | host:app/Domains/WorkCore/Database/Migrations/2026_07_23_120012_create_tz_work_order_tables.php
tz_work_order_status_history,2,2,yes,13_HOST_INTEGRATION_REFERENCES/MagicAI_WorkCore_Selected | MagicAI + WorkCore host,donor:13_HOST_INTEGRATION_REFERENCES/MagicAI_WorkCore_Selected/app/Domains/WorkCore/Database/Migrations/2026_07_23_120012_create_tz_work_order_tables.php | host:app/Domains/WorkCore/Database/Migrations/2026_07_23_120012_create_tz_work_order_tables.php
tz_work_order_tasks,2,2,yes,13_HOST_INTEGRATION_REFERENCES/MagicAI_WorkCore_Selected | MagicAI + WorkCore host,donor:13_HOST_INTEGRATION_REFERENCES/MagicAI_WorkCore_Selected/app/Domains/WorkCore/Database/Migrations/2026_07_23_120012_create_tz_work_order_tables.php | host:app/Domains/WorkCore/Database/Migrations/2026_07_23_120012_create_tz_work_order_tables.php
tz_work_order_test_results,2,2,yes,13_HOST_INTEGRATION_REFERENCES/MagicAI_WorkCore_Selected | MagicAI + WorkCore host,donor:13_HOST_INTEGRATION_REFERENCES/MagicAI_WorkCore_Selected/app/Domains/WorkCore/Database/Migrations/2026_07_23_120032_create_tz_trade_field_compliance_tables.php | host:app/Domains/WorkCore/Database/Migrations/2026_07_23_120032_create_tz_trade_field_compliance_tables.php
tz_work_order_warranties,2,2,yes,13_HOST_INTEGRATION_REFERENCES/MagicAI_WorkCore_Selected | MagicAI + WorkCore host,donor:13_HOST_INTEGRATION_REFERENCES/MagicAI_WorkCore_Selected/app/Domains/WorkCore/Database/Migrations/2026_07_23_120032_create_tz_trade_field_compliance_tables.php | host:app/Domains/WorkCore/Database/Migrations/2026_07_23_120032_create_tz_trade_field_compliance_tables.php
tz_work_orders,2,2,yes,13_HOST_INTEGRATION_REFERENCES/MagicAI_WorkCore_Selected | MagicAI + WorkCore host,donor:13_HOST_INTEGRATION_REFERENCES/MagicAI_WorkCore_Selected/app/Domains/WorkCore/Database/Migrations/2026_07_23_120012_create_tz_work_order_tables.php | host:app/Domains/WorkCore/Database/Migrations/2026_07_23_120012_create_tz_work_order_tables.php
tz_worker_availability_rules,2,2,yes,13_HOST_INTEGRATION_REFERENCES/MagicAI_WorkCore_Selected | MagicAI + WorkCore host,donor:13_HOST_INTEGRATION_REFERENCES/MagicAI_WorkCore_Selected/app/Domains/WorkCore/Database/Migrations/2026_07_23_120016_create_tz_availability_and_roster_tables.php | host:app/Domains/WorkCore/Database/Migrations/2026_07_23_120016_create_tz_availability_and_roster_tables.php
tz_worker_business_lines,2,2,yes,13_HOST_INTEGRATION_REFERENCES/MagicAI_WorkCore_Selected | MagicAI + WorkCore host,donor:13_HOST_INTEGRATION_REFERENCES/MagicAI_WorkCore_Selected/app/Domains/WorkCore/Database/Migrations/2026_07_23_120031_create_tz_vertical_operations_tables.php | host:app/Domains/WorkCore/Database/Migrations/2026_07_23_120031_create_tz_vertical_operations_tables.php
tz_worker_certifications,2,2,yes,13_HOST_INTEGRATION_REFERENCES/MagicAI_WorkCore_Selected | MagicAI + WorkCore host,donor:13_HOST_INTEGRATION_REFERENCES/MagicAI_WorkCore_Selected/app/Domains/WorkCore/Database/Migrations/2026_07_23_120015_create_tz_worker_tables.php | host:app/Domains/WorkCore/Database/Migrations/2026_07_23_120015_create_tz_worker_tables.php
tz_worker_compliance_documents,2,2,yes,13_HOST_INTEGRATION_REFERENCES/MagicAI_WorkCore_Selected | MagicAI + WorkCore host,donor:13_HOST_INTEGRATION_REFERENCES/MagicAI_WorkCore_Selected/app/Domains/WorkCore/Database/Migrations/2026_07_23_120055_create_tz_workforce_team_domains.php | host:app/Domains/WorkCore/Database/Migrations/2026_07_23_120055_create_tz_workforce_team_domains.php
tz_worker_employment_changes,2,2,yes,13_HOST_INTEGRATION_REFERENCES/MagicAI_WorkCore_Selected | MagicAI + WorkCore host,donor:13_HOST_INTEGRATION_REFERENCES/MagicAI_WorkCore_Selected/app/Domains/WorkCore/Database/Migrations/2026_07_23_120055_create_tz_workforce_team_domains.php | host:app/Domains/WorkCore/Database/Migrations/2026_07_23_120055_create_tz_workforce_team_domains.php
tz_worker_employment_records,2,2,yes,13_HOST_INTEGRATION_REFERENCES/MagicAI_WorkCore_Selected | MagicAI + WorkCore host,donor:13_HOST_INTEGRATION_REFERENCES/MagicAI_WorkCore_Selected/app/Domains/WorkCore/Database/Migrations/2026_07_23_120055_create_tz_workforce_team_domains.php | host:app/Domains/WorkCore/Database/Migrations/2026_07_23_120055_create_tz_workforce_team_domains.php
tz_worker_lifecycle_events,2,2,yes,13_HOST_INTEGRATION_REFERENCES/MagicAI_WorkCore_Selected | MagicAI + WorkCore host,donor:13_HOST_INTEGRATION_REFERENCES/MagicAI_WorkCore_Selected/app/Domains/WorkCore/Database/Migrations/2026_07_23_120055_create_tz_workforce_team_domains.php | host:app/Domains/WorkCore/Database/Migrations/2026_07_23_120055_create_tz_workforce_team_domains.php
tz_worker_offboarding_plans,2,2,yes,13_HOST_INTEGRATION_REFERENCES/MagicAI_WorkCore_Selected | MagicAI + WorkCore host,donor:13_HOST_INTEGRATION_REFERENCES/MagicAI_WorkCore_Selected/app/Domains/WorkCore/Database/Migrations/2026_07_23_120055_create_tz_workforce_team_domains.php | host:app/Domains/WorkCore/Database/Migrations/2026_07_23_120055_create_tz_workforce_team_domains.php
tz_worker_offboarding_tasks,2,2,yes,13_HOST_INTEGRATION_REFERENCES/MagicAI_WorkCore_Selected | MagicAI + WorkCore host,donor:13_HOST_INTEGRATION_REFERENCES/MagicAI_WorkCore_Selected/app/Domains/WorkCore/Database/Migrations/2026_07_23_120055_create_tz_workforce_team_domains.php | host:app/Domains/WorkCore/Database/Migrations/2026_07_23_120055_create_tz_workforce_team_domains.php
tz_worker_onboarding_plans,2,2,yes,13_HOST_INTEGRATION_REFERENCES/MagicAI_WorkCore_Selected | MagicAI + WorkCore host,donor:13_HOST_INTEGRATION_REFERENCES/MagicAI_WorkCore_Selected/app/Domains/WorkCore/Database/Migrations/2026_07_23_120055_create_tz_workforce_team_domains.php | host:app/Domains/WorkCore/Database/Migrations/2026_07_23_120055_create_tz_workforce_team_domains.php
tz_worker_onboarding_tasks,2,2,yes,13_HOST_INTEGRATION_REFERENCES/MagicAI_WorkCore_Selected | MagicAI + WorkCore host,donor:13_HOST_INTEGRATION_REFERENCES/MagicAI_WorkCore_Selected/app/Domains/WorkCore/Database/Migrations/2026_07_23_120055_create_tz_workforce_team_domains.php | host:app/Domains/WorkCore/Database/Migrations/2026_07_23_120055_create_tz_workforce_team_domains.php
tz_worker_probations,2,2,yes,13_HOST_INTEGRATION_REFERENCES/MagicAI_WorkCore_Selected | MagicAI + WorkCore host,donor:13_HOST_INTEGRATION_REFERENCES/MagicAI_WorkCore_Selected/app/Domains/WorkCore/Database/Migrations/2026_07_23_120055_create_tz_workforce_team_domains.php | host:app/Domains/WorkCore/Database/Migrations/2026_07_23_120055_create_tz_workforce_team_domains.php
tz_worker_skills,2,2,yes,13_HOST_INTEGRATION_REFERENCES/MagicAI_WorkCore_Selected | MagicAI + WorkCore host,donor:13_HOST_INTEGRATION_REFERENCES/MagicAI_WorkCore_Selected/app/Domains/WorkCore/Database/Migrations/2026_07_23_120015_create_tz_worker_tables.php | host:app/Domains/WorkCore/Database/Migrations/2026_07_23_120015_create_tz_worker_tables.php
tz_workers,2,2,yes,13_HOST_INTEGRATION_REFERENCES/MagicAI_WorkCore_Selected | MagicAI + WorkCore host,donor:13_HOST_INTEGRATION_REFERENCES/MagicAI_WorkCore_Selected/app/Domains/WorkCore/Database/Migrations/2026_07_23_120015_create_tz_worker_tables.php | host:app/Domains/WorkCore/Database/Migrations/2026_07_23_120015_create_tz_worker_tables.php
tz_workforce_departments,2,2,yes,13_HOST_INTEGRATION_REFERENCES/MagicAI_WorkCore_Selected | MagicAI + WorkCore host,donor:13_HOST_INTEGRATION_REFERENCES/MagicAI_WorkCore_Selected/app/Domains/WorkCore/Database/Migrations/2026_07_23_120055_create_tz_workforce_team_domains.php | host:app/Domains/WorkCore/Database/Migrations/2026_07_23_120055_create_tz_workforce_team_domains.php
tz_workforce_positions,2,2,yes,13_HOST_INTEGRATION_REFERENCES/MagicAI_WorkCore_Selected | MagicAI + WorkCore host,donor:13_HOST_INTEGRATION_REFERENCES/MagicAI_WorkCore_Selected/app/Domains/WorkCore/Database/Migrations/2026_07_23_120055_create_tz_workforce_team_domains.php | host:app/Domains/WorkCore/Database/Migrations/2026_07_23_120055_create_tz_workforce_team_domains.php
tz_workforce_team_members,2,2,yes,13_HOST_INTEGRATION_REFERENCES/MagicAI_WorkCore_Selected | MagicAI + WorkCore host,donor:13_HOST_INTEGRATION_REFERENCES/MagicAI_WorkCore_Selected/app/Domains/WorkCore/Database/Migrations/2026_07_23_120055_create_tz_workforce_team_domains.php | host:app/Domains/WorkCore/Database/Migrations/2026_07_23_120055_create_tz_workforce_team_domains.php
tz_workforce_teams,2,2,yes,13_HOST_INTEGRATION_REFERENCES/MagicAI_WorkCore_Selected | MagicAI + WorkCore host,donor:13_HOST_INTEGRATION_REFERENCES/MagicAI_WorkCore_Selected/app/Domains/WorkCore/Database/Migrations/2026_07_23_120055_create_tz_workforce_team_domains.php | host:app/Domains/WorkCore/Database/Migrations/2026_07_23_120055_create_tz_workforce_team_domains.php
user_chat_instructions,2,2,no,04_AI_AUTHORING_STUDIO/ai-chat-pro-memory | Titan Zero Chatbot PWA,donor:04_AI_AUTHORING_STUDIO/AI_System_Extensions/ai-chat-pro-memory/database\migrations\2025_12_26_163811_add_user_chat_instructions_table.php | donor:03_LEARNER_PWA_AND_CHANNELS/Titan_Zero_Chatbot_PWA/System/TitanAI/memory/database/migrations/2025_12_26_163811_add_user_chat_instructions_table.php
user_integrations,2,2,yes,13_HOST_INTEGRATION_REFERENCES/MagicAI_WorkCore_Selected | MagicAI + WorkCore host,donor:13_HOST_INTEGRATION_REFERENCES/MagicAI_WorkCore_Selected/database/migrations/2024_03_08_082441_create_user_integrations_table.php | host:database/migrations/2024_03_08_082441_create_user_integrations_table.php
user_projects,2,1,no,09_PROPERTY_JOBS_AND_DISPATCH/CleaningJobs,donor:09_PROPERTY_JOBS_AND_DISPATCH/Modules_for_Titan_BOS/CleaningJobs/CleaningJobs/Database/Migrations/2019_05_08_094315_create_user_projects_table.php | donor:09_PROPERTY_JOBS_AND_DISPATCH/Modules_for_Titan_BOS/CleaningJobs/CleaningJobs/Database/migrations/2019_05_08_094315_create_user_projects_table.php
user_skills,2,2,no,04_AI_AUTHORING_STUDIO/ai-chat-pro-skills | Titan Zero Chatbot PWA,donor:04_AI_AUTHORING_STUDIO/AI_System_Extensions/ai-chat-pro-skills/database\migrations\2026_03_23_000002_create_user_skills_table.php | donor:03_LEARNER_PWA_AND_CHANNELS/Titan_Zero_Chatbot_PWA/System/TitanAI/skills/database/migrations/2026_03_23_000002_create_user_skills_table.php
users,2,2,yes,MagicAI + WorkCore host | Titan Train v0.7.0,donor:01_TITAN_TRAIN_CANONICAL_CORE/Titan_Train_v0.7.0/database/migrations/0001_01_01_000000_create_users_table.php | host:database/migrations/2014_10_12_000000_create_users_table.php
users_available_leaves,2,1,no,06_WORKFORCE_AND_ONBOARDING/HRCore,donor:06_WORKFORCE_AND_ONBOARDING/Modules_for_Titan_BOS/HRCore/HRCore/Database/Migrations/2024_10_09_162630_create_users_available_leaves.php | donor:06_WORKFORCE_AND_ONBOARDING/Modules_for_Titan_BOS/HRCore/HRCore/database/migrations/2024_10_09_162630_create_users_available_leaves.php
vender_projects,2,1,no,09_PROPERTY_JOBS_AND_DISPATCH/CleaningJobs,donor:09_PROPERTY_JOBS_AND_DISPATCH/Modules_for_Titan_BOS/CleaningJobs/CleaningJobs/Database/Migrations/2022_07_19_065099_create_vender_projects_table.php | donor:09_PROPERTY_JOBS_AND_DISPATCH/Modules_for_Titan_BOS/CleaningJobs/CleaningJobs/Database/migrations/2022_07_19_065099_create_vender_projects_table.php
wo_requests,2,1,no,09_PROPERTY_JOBS_AND_DISPATCH/CleaningJobs,donor:09_PROPERTY_JOBS_AND_DISPATCH/Modules_for_Titan_BOS/CleaningJobs/CleaningJobs/Database/Migrations/2025_10_02_171461_create_wo_requests_table.php | donor:09_PROPERTY_JOBS_AND_DISPATCH/Modules_for_Titan_BOS/CleaningJobs/CleaningJobs/Database/migrations/2025_10_02_171461_create_wo_requests_table.php
wo_service_appointments,2,1,no,09_PROPERTY_JOBS_AND_DISPATCH/CleaningJobs,donor:09_PROPERTY_JOBS_AND_DISPATCH/Modules_for_Titan_BOS/CleaningJobs/CleaningJobs/Database/Migrations/2025_10_02_171462_create_wo_service_appointments_table.php | donor:09_PROPERTY_JOBS_AND_DISPATCH/Modules_for_Titan_BOS/CleaningJobs/CleaningJobs/Database/migrations/2025_10_02_171462_create_wo_service_appointments_table.php
wo_service_parts,2,1,no,09_PROPERTY_JOBS_AND_DISPATCH/CleaningJobs,donor:09_PROPERTY_JOBS_AND_DISPATCH/Modules_for_Titan_BOS/CleaningJobs/CleaningJobs/Database/Migrations/2025_10_02_171464_create_wo_service_parts_table.php | donor:09_PROPERTY_JOBS_AND_DISPATCH/Modules_for_Titan_BOS/CleaningJobs/CleaningJobs/Database/migrations/2025_10_02_171464_create_wo_service_parts_table.php
wo_service_tasks,2,1,no,09_PROPERTY_JOBS_AND_DISPATCH/CleaningJobs,donor:09_PROPERTY_JOBS_AND_DISPATCH/Modules_for_Titan_BOS/CleaningJobs/CleaningJobs/Database/Migrations/2025_10_02_171463_create_wo_service_tasks_table.php | donor:09_PROPERTY_JOBS_AND_DISPATCH/Modules_for_Titan_BOS/CleaningJobs/CleaningJobs/Database/migrations/2025_10_02_171463_create_wo_service_tasks_table.php
wo_types,2,1,no,09_PROPERTY_JOBS_AND_DISPATCH/CleaningJobs,donor:09_PROPERTY_JOBS_AND_DISPATCH/Modules_for_Titan_BOS/CleaningJobs/CleaningJobs/Database/Migrations/2025_10_02_171460_create_wo_types_table.php | donor:09_PROPERTY_JOBS_AND_DISPATCH/Modules_for_Titan_BOS/CleaningJobs/CleaningJobs/Database/migrations/2025_10_02_171460_create_wo_types_table.php
work_orders,2,1,no,09_PROPERTY_JOBS_AND_DISPATCH/CleaningJobs,donor:09_PROPERTY_JOBS_AND_DISPATCH/Modules_for_Titan_BOS/CleaningJobs/CleaningJobs/Database/Migrations/2024_03_27_130405_create_work_orders_table.php | donor:09_PROPERTY_JOBS_AND_DISPATCH/Modules_for_Titan_BOS/CleaningJobs/CleaningJobs/Database/migrations/2024_03_27_130405_create_work_orders_table.php
workcore_business_flows,2,2,yes,13_HOST_INTEGRATION_REFERENCES/MagicAI_WorkCore_Selected | MagicAI + WorkCore host,donor:13_HOST_INTEGRATION_REFERENCES/MagicAI_WorkCore_Selected/app/Domains/WorkCore/Database/Migrations/2026_07_23_120101_create_workcore_business_flows_table.php | host:app/Domains/WorkCore/Database/Migrations/2026_07_23_120101_create_workcore_business_flows_table.php
workorders_settings,2,1,no,09_PROPERTY_JOBS_AND_DISPATCH/CleaningJobs,donor:09_PROPERTY_JOBS_AND_DISPATCH/Modules_for_Titan_BOS/CleaningJobs/CleaningJobs/Database/Migrations/2025_10_02_000000_create_workorders_settings_table.php | donor:09_PROPERTY_JOBS_AND_DISPATCH/Modules_for_Titan_BOS/CleaningJobs/CleaningJobs/Database/migrations/2025_10_02_000000_create_workorders_settings_table.php
